post,pre,ds,xcoord,ycoord,easting,northing,load_inv,load_int,vent_dist,village_id
1,1,0,112.28025,-7.88086,641063,9128709,144.057,143.23651,6.8725,3
2,2,0,112.28023,-7.88101,641063,9128709,144.057,143.23651,6.85814,3
1,1,0,112.28137,-7.881,641313,9128709,145.504,143.23651,6.81115,3
1,0,0,112.28048,-7.88068,641063,9128709,144.057,143.23651,6.88129,3
1,0,0,112.27908,-7.88057,641063,9128709,144.057,143.23651,6.95339,3
1,0,0,112.28058,-7.88016,641063,9128709,144.057,143.23651,6.9298,3
1,1,0,112.28001,-7.87994,641063,9128709,144.057,143.23651,6.9763,3
1,0,0,112.27991,-7.87954,641063,9128709,144.057,143.23651,7.02159,3
1,2,0,112.2796,-7.87937,641063,9128709,144.057,143.23651,7.05241,3
1,0,0,112.27969,-7.88003,641063,9128709,144.057,143.23651,6.98077,3
1,0,0,112.27956,-7.88005,641063,9128709,144.057,143.23651,6.98482,3
1,0,0,112.2792,-7.8797,641063,9128709,144.057,143.23651,7.03651,3
1,0,0,112.27937,-7.87962,641063,9128709,144.057,143.23651,7.0372,3
1,1,0,112.27895,-7.87904,641063,9128959,140.855,141.76153,7.11392,3
1,0,0,112.2777,-7.87857,640813,9128959,139.383,141.76153,7.21687,3
1,0,0,112.27752,-7.87838,640813,9128959,139.383,141.76153,7.24414,3
1,2,0,112.27732,-7.87837,640813,9128959,139.383,141.76153,7.2547,3
1,0,0,112.27733,-7.87796,640813,9128959,139.383,141.76153,7.29503,3
1,1,0,112.2767,-7.87837,640813,9128959,139.383,141.76153,7.28275,3
5,0,1,112.27899,-7.88057,641063,9128709,144.057,141.76153,6.95651,3
5,0,1,112.27904,-7.88087,641063,9128709,144.057,143.23651,6.92412,3
4,0,1,112.28012,-7.88037,641063,9128709,144.057,143.23651,6.92779,3
6,0,1,112.28066,-7.88005,641063,9128709,144.057,143.23651,6.93788,3
6,0,1,112.28048,-7.8801,641063,9128709,144.057,143.23651,6.94026,3
6,0,1,112.28038,-7.87998,641063,9128709,144.057,143.23651,6.95652,3
4,0,1,112.28046,-7.87981,641063,9128709,144.057,143.23651,6.97112,3
5,0,1,112.28024,-7.87993,641063,9128709,144.057,143.23651,6.96806,3
6,0,1,112.28016,-7.87982,641063,9128709,144.057,143.23651,6.98282,3
4,0,1,112.28047,-7.88138,641063,9128709,144.057,143.23651,6.81043,3
6,0,1,112.28064,-7.88158,641063,9128459,147.103,143.23651,6.78211,3
6,0,1,112.28077,-7.88169,641063,9128459,147.103,143.23651,6.76559,3
6,1,1,112.27758,-7.87867,640813,9128959,139.383,141.76153,7.21255,3
6,0,1,112.27767,-7.87842,640813,9128959,139.383,141.76153,7.23295,3
6,0,1,112.27708,-7.87776,640813,9128959,139.383,139.13747,7.32677,3
0,0,2,112.28126,-7.88191,641313,9128459,148.653,143.23651,6.72282,3
0,0,2,112.28091,-7.8819,641313,9128459,148.653,143.23651,6.73865,3
0,0,2,112.28183,-7.88177,641313,9128459,148.653,143.23651,6.71279,3
0,0,2,112.28003,-7.88157,641063,9128459,147.103,143.23651,6.80961,3
0,0,2,112.28001,-7.88141,641063,9128709,144.057,143.23651,6.8272,3
0,0,2,112.27993,-7.88139,641063,9128709,144.057,143.23651,6.83266,3
0,0,2,112.27985,-7.88139,641063,9128709,144.057,143.23651,6.83615,3
0,0,2,112.28014,-7.88143,641063,9128709,144.057,143.23651,6.81961,3
0,0,2,112.28011,-7.88133,641063,9128709,144.057,143.23651,6.8306,3
0,0,2,112.27987,-7.88121,641063,9128709,144.057,143.23651,6.85363,3
0,0,2,112.28023,-7.88119,641063,9128709,144.057,143.23651,6.84014,3
0,0,2,112.28022,-7.88111,641063,9128709,144.057,143.23651,6.8485,3
0,0,2,112.2806,-7.88086,641063,9128709,144.057,143.23651,6.85725,3
0,0,2,112.2809,-7.8811,641313,9128709,145.504,143.23651,6.82045,3
0,0,2,112.281,-7.88114,641313,9128709,145.504,143.23651,6.81198,3
0,0,2,112.28097,-7.88093,641313,9128709,145.504,143.23651,6.83487,3
0,0,2,112.28139,-7.88106,641313,9128709,145.504,143.23651,6.80419,3
2,0,2,112.28138,-7.88089,641313,9128709,145.504,143.23651,6.82242,3
0,0,2,112.28118,-7.88069,641313,9128709,145.504,143.23651,6.85062,3
0,0,2,112.2809,-7.88074,641313,9128709,145.504,143.23651,6.85745,3
0,0,2,112.28035,-7.8806,641063,9128709,144.057,143.23651,6.89469,3
0,0,2,112.28056,-7.8807,641063,9128709,144.057,143.23651,6.87596,3
0,0,2,112.28069,-7.8807,641063,9128709,144.057,143.23651,6.8698,3
0,0,2,112.28077,-7.88074,641313,9128709,145.504,143.23651,6.86292,3
0,0,2,112.28002,-7.88084,641063,9128709,144.057,143.23651,6.88434,3
0,0,2,112.27984,-7.88065,641063,9128709,144.057,143.23651,6.9114,3
0,0,2,112.27974,-7.88051,641063,9128709,144.057,143.23651,6.92996,3
0,0,2,112.27881,-7.88111,641063,9128709,144.057,141.76153,6.91017,3
0,0,2,112.2789,-7.88109,641063,9128709,144.057,141.76153,6.90782,3
0,0,2,112.27889,-7.88099,641063,9128709,144.057,141.76153,6.91932,3
0,0,2,112.27899,-7.881,641063,9128709,144.057,141.76153,6.9138,3
2,0,2,112.27904,-7.88101,641063,9128709,144.057,143.23651,6.91057,3
0,0,2,112.27888,-7.88046,641063,9128709,144.057,141.76153,6.97357,3
0,0,2,112.27882,-7.88048,641063,9128709,144.057,141.76153,6.9744,3
0,0,2,112.27871,-7.8806,641063,9128709,144.057,141.76153,6.9672,3
0,0,2,112.27872,-7.88076,641063,9128709,144.057,141.76153,6.94997,3
2,0,2,112.27871,-7.88088,641063,9128709,144.057,141.76153,6.93792,3
2,0,2,112.27876,-7.88088,641063,9128709,144.057,141.76153,6.93594,3
0,0,2,112.27882,-7.88087,641063,9128709,144.057,141.76153,6.93445,3
0,0,2,112.27888,-7.88088,641063,9128709,144.057,141.76153,6.93074,3
0,0,2,112.27893,-7.88087,641063,9128709,144.057,141.76153,6.92995,3
2,0,2,112.27914,-7.88084,641063,9128709,144.057,143.23651,6.92304,3
0,0,2,112.2788,-7.88075,641063,9128709,144.057,141.76153,6.94718,3
0,0,2,112.27888,-7.88075,641063,9128709,144.057,141.76153,6.94406,3
0,0,2,112.27894,-7.88075,641063,9128709,144.057,141.76153,6.94103,3
0,0,2,112.27902,-7.88075,641063,9128709,144.057,141.76153,6.9379,3
0,0,2,112.27966,-7.88027,641063,9128709,144.057,143.23651,6.95815,3
0,0,2,112.27968,-7.88032,641063,9128709,144.057,143.23651,6.95219,3
0,0,2,112.27981,-7.88034,641063,9128709,144.057,143.23651,6.9443,3
0,0,2,112.27989,-7.88033,641063,9128709,144.057,143.23651,6.94148,3
0,0,2,112.28048,-7.8804,641063,9128709,144.057,143.23651,6.90972,3
0,0,2,112.2807,-7.88026,641063,9128709,144.057,143.23651,6.91494,3
0,0,2,112.28077,-7.8803,641313,9128709,145.504,143.23651,6.90756,3
0,0,2,112.28086,-7.88034,641313,9128709,145.504,143.23651,6.89956,3
0,0,2,112.28093,-7.88042,641313,9128709,145.504,143.23651,6.88881,3
0,0,2,112.28107,-7.88052,641313,9128709,145.504,143.23651,6.87287,3
2,0,2,112.2811,-7.88058,641313,9128709,145.504,143.23651,6.86498,3
0,0,2,112.28136,-7.87995,641313,9128709,145.504,143.23651,6.91993,3
0,0,2,112.28142,-7.88007,641313,9128709,145.504,143.23651,6.9052,3
0,0,2,112.28167,-7.88011,641313,9128709,145.504,143.23651,6.8909,3
0,0,2,112.28169,-7.87996,641313,9128709,145.504,143.23651,6.90475,3
2,0,2,112.28077,-7.88006,641313,9128709,145.504,143.23651,6.9322,3
0,0,2,112.28053,-7.87998,641063,9128709,144.057,143.23651,6.9511,3
0,0,2,112.28067,-7.87992,641063,9128709,144.057,143.23651,6.95091,3
0,0,2,112.28076,-7.87991,641313,9128709,145.504,143.23651,6.94837,3
0,0,2,112.28022,-7.88019,641063,9128709,144.057,143.23651,6.94218,3
0,0,2,112.28015,-7.88014,641063,9128709,144.057,143.23651,6.95093,3
0,0,2,112.27991,-7.8801,641063,9128709,144.057,143.23651,6.96486,3
0,0,2,112.27895,-7.88149,641063,9128709,144.057,141.76153,6.86619,3
0,0,2,112.27894,-7.88135,641063,9128709,144.057,141.76153,6.88093,3
0,0,2,112.27916,-7.88055,641063,9128709,144.057,143.23651,6.95159,3
0,0,2,112.28041,-7.88123,641063,9128709,144.057,143.23651,6.8284,3
0,0,2,112.28022,-7.87972,641063,9128709,144.057,143.23651,6.98977,3
0,0,2,112.28028,-7.87962,641063,9128709,144.057,143.23651,6.9975,3
0,0,2,112.28031,-7.87957,641063,9128709,144.057,143.23651,7.0016,3
0,0,2,112.28027,-7.87947,641063,9128709,144.057,143.23651,7.01358,3
0,0,2,112.28008,-7.87966,641063,9128709,144.057,143.23651,7.00285,3
0,0,2,112.27981,-7.87982,641063,9128709,144.057,143.23651,6.99777,3
0,0,2,112.27989,-7.87985,641063,9128709,144.057,143.23651,6.99065,3
0,0,2,112.2798,-7.87953,641063,9128709,144.057,143.23651,7.0275,3
0,0,2,112.2797,-7.87948,641063,9128709,144.057,143.23651,7.03669,3
0,0,2,112.27935,-7.87979,641063,9128709,144.057,143.23651,7.0204,3
0,0,2,112.27935,-7.87992,641063,9128709,144.057,143.23651,7.00721,3
0,0,2,112.27956,-7.87993,641063,9128709,144.057,143.23651,6.99724,3
0,0,2,112.27954,-7.87981,641063,9128709,144.057,143.23651,7.00963,3
0,0,2,112.27954,-7.87969,641063,9128709,144.057,143.23651,7.02246,3
0,0,2,112.27963,-7.87969,641063,9128709,144.057,143.23651,7.01864,3
0,0,2,112.27972,-7.87969,641063,9128709,144.057,143.23651,7.01424,3
0,0,2,112.27919,-7.87987,641063,9128709,144.057,143.23651,7.0192,3
0,0,2,112.27903,-7.87998,641063,9128709,144.057,143.23651,7.01564,3
0,0,2,112.27959,-7.87916,641063,9128959,140.855,143.23651,7.07445,3
0,0,2,112.27969,-7.87917,641063,9128959,140.855,143.23651,7.06916,3
0,0,2,112.27978,-7.87918,641063,9128959,140.855,143.23651,7.06455,3
0,0,2,112.27935,-7.87951,641063,9128709,144.057,143.23651,7.04854,3
0,0,2,112.27952,-7.87957,641063,9128709,144.057,143.23651,7.03511,3
0,0,2,112.27958,-7.87959,641063,9128709,144.057,143.23651,7.03112,3
0,0,2,112.27904,-7.87952,641063,9128709,144.057,143.23651,7.06125,3
0,0,2,112.27927,-7.87941,641063,9128709,144.057,143.23651,7.06288,3
0,0,2,112.27892,-7.87943,641063,9128709,144.057,141.76153,7.07609,3
0,0,2,112.27889,-7.87965,641063,9128709,144.057,141.76153,7.05484,3
0,0,2,112.27879,-7.87969,641063,9128709,144.057,141.76153,7.05494,3
0,0,2,112.27878,-7.8795,641063,9128709,144.057,141.76153,7.07462,3
0,0,2,112.27868,-7.87958,641063,9128709,144.057,141.76153,7.0711,3
0,0,2,112.27902,-7.87904,641063,9128959,140.855,141.76153,7.11093,3
0,0,2,112.27931,-7.87913,641063,9128959,140.855,143.23651,7.08893,3
0,0,2,112.2794,-7.87923,641063,9128959,140.855,143.23651,7.07497,3
0,0,2,112.2787,-7.87908,641063,9128959,140.855,141.76153,7.12085,3
0,0,2,112.27878,-7.87904,641063,9128959,140.855,141.76153,7.121,3
0,0,2,112.27888,-7.87916,641063,9128959,140.855,141.76153,7.10483,3
0,0,2,112.27888,-7.87902,641063,9128959,140.855,141.76153,7.11948,3
2,0,2,112.27917,-7.87904,641063,9128959,140.855,143.23651,7.10397,3
0,0,2,112.27857,-7.87961,641063,9128709,144.057,141.76153,7.07292,3
0,0,2,112.27868,-7.87934,641063,9128709,144.057,141.76153,7.09564,3
0,0,2,112.27868,-7.87925,641063,9128959,140.855,141.76153,7.10383,3
0,0,2,112.2786,-7.87924,641063,9128959,140.855,141.76153,7.10937,3
2,0,2,112.2786,-7.87935,641063,9128709,144.057,141.76153,7.09768,3
0,0,2,112.27832,-7.87929,640813,9128709,142.481,141.76153,7.11615,3
0,0,2,112.27843,-7.8791,641063,9128959,140.855,141.76153,7.13096,3
0,0,2,112.27853,-7.87904,641063,9128959,140.855,141.76153,7.13237,3
0,0,2,112.27847,-7.87889,641063,9128959,140.855,141.76153,7.14987,3
0,0,2,112.27812,-7.87898,640813,9128959,139.383,141.76153,7.15646,3
0,0,2,112.27811,-7.87906,640813,9128959,139.383,141.76153,7.14936,3
0,0,2,112.27823,-7.87905,640813,9128959,139.383,141.76153,7.14493,3
0,0,2,112.2783,-7.87884,640813,9128959,139.383,141.76153,7.16297,3
2,0,2,112.2781,-7.87888,640813,9128959,139.383,141.76153,7.16742,3
0,0,2,112.27918,-7.87962,641063,9128709,144.057,143.23651,7.04534,3
0,0,2,112.27861,-7.87907,641063,9128959,140.855,141.76153,7.12569,3
0,0,2,112.27827,-7.87857,640813,9128959,139.383,141.76153,7.1911,3
0,0,2,112.27831,-7.87867,640813,9128959,139.383,141.76153,7.17928,3
0,0,2,112.27784,-7.87868,640813,9128959,139.383,141.76153,7.19947,3
0,0,2,112.27808,-7.87869,640813,9128959,139.383,141.76153,7.18758,3
0,0,2,112.27792,-7.87856,640813,9128959,139.383,141.76153,7.20765,3
0,0,2,112.27786,-7.87843,640813,9128959,139.383,141.76153,7.22379,3
0,0,2,112.2776,-7.87878,640813,9128959,139.383,141.76153,7.20011,3
0,0,2,112.27768,-7.87883,640813,9128959,139.383,141.76153,7.1913,3
0,0,2,112.2777,-7.87892,640813,9128959,139.383,141.76153,7.18175,3
0,0,2,112.27779,-7.87893,640813,9128959,139.383,141.76153,7.17686,3
0,0,2,112.27789,-7.87884,640813,9128959,139.383,141.76153,7.18143,3
0,0,2,112.27772,-7.87826,640813,9128959,139.383,141.76153,7.24722,3
0,0,2,112.2774,-7.87837,640813,9128959,139.383,141.76153,7.25102,3
0,0,2,112.2774,-7.87822,640813,9128959,139.383,141.76153,7.26533,3
2,0,2,112.27718,-7.87836,640813,9128959,139.383,141.76153,7.26213,3
0,0,2,112.27711,-7.87832,640813,9128959,139.383,141.76153,7.26889,3
0,0,2,112.2772,-7.8782,640813,9128959,139.383,141.76153,7.27688,3
0,0,2,112.27717,-7.87813,640813,9128959,139.383,141.76153,7.28552,3
0,0,2,112.27706,-7.87812,640813,9128959,139.383,141.76153,7.29178,3
0,0,2,112.27695,-7.87817,640813,9128959,139.383,141.76153,7.29132,3
0,0,2,112.27703,-7.87825,640813,9128959,139.383,141.76153,7.27948,3
0,0,2,112.2774,-7.87804,640813,9128959,139.383,141.76153,7.28355,3
0,0,2,112.27738,-7.87811,640813,9128959,139.383,141.76153,7.27765,3
0,0,2,112.27715,-7.87791,640813,9128959,139.383,141.76153,7.30895,3
0,0,2,112.27716,-7.87796,640813,9128959,139.383,141.76153,7.30286,3
0,0,2,112.27667,-7.87804,640813,9128959,139.383,141.76153,7.31769,3
0,0,2,112.27677,-7.87797,640813,9128959,139.383,141.76153,7.31925,3
0,0,2,112.27677,-7.87806,640813,9128959,139.383,141.76153,7.31119,3
0,0,2,112.2769,-7.878,640813,9128959,139.383,141.76153,7.31045,3
0,0,2,112.27672,-7.87789,640813,9128959,139.383,141.76153,7.33039,3
0,0,2,112.27689,-7.87787,640813,9128959,139.383,141.76153,7.32444,3
2,0,2,112.27668,-7.87783,640813,9128959,139.383,141.76153,7.33804,3
0,0,2,112.27652,-7.87827,640813,9128959,139.383,141.76153,7.30159,3
0,0,2,112.27641,-7.87822,640813,9128959,139.383,141.76153,7.31167,3
0,0,2,112.27633,-7.87813,640813,9128959,139.383,141.76153,7.32402,3
0,0,2,112.27624,-7.87807,640813,9128959,139.383,141.76153,7.33424,3
0,0,2,112.27632,-7.87784,640813,9128959,139.383,141.76153,7.35319,3
2,0,2,112.27624,-7.87817,640813,9128959,139.383,141.76153,7.32432,3
2,0,2,112.27615,-7.87813,640563,9128959,137.799,141.76153,7.33227,3
0,0,2,112.27678,-7.87766,640813,9128959,139.383,139.13747,7.35069,3
2,0,2,112.27727,-7.87777,640813,9128959,139.383,141.76153,7.31698,3
0,0,2,112.2773,-7.87766,640813,9128959,139.383,139.13747,7.32651,3
0,0,2,112.27716,-7.87773,640813,9128959,139.383,139.13747,7.32619,3
0,0,2,112.27715,-7.87765,640813,9128959,139.383,139.13747,7.33469,3
2,0,2,112.27706,-7.87766,640813,9128959,139.383,139.13747,7.33736,3
0,0,2,112.27698,-7.87776,640813,9128959,139.383,139.13747,7.33093,3
0,0,2,112.2769,-7.8777,640813,9128959,139.383,139.13747,7.3405,3
0,0,2,112.2769,-7.87765,640813,9128959,139.383,139.13747,7.34585,3
3,0,3,112.27985,-7.88051,641063,9128709,144.057,143.23651,6.92509,3
3,0,3,112.27711,-7.87811,640813,9128959,139.383,141.76153,7.28989,3
1,0,0,112.2676,-7.85655,639813,9131459,101.182,127.22495,9.89534,2
1,0,0,112.26719,-7.85666,639813,9131209,104.446,127.22495,9.90228,2
1,0,0,112.267,-7.85664,639563,9131459,100.227,127.22495,9.91284,2
1,0,0,112.26704,-7.85672,639563,9131459,100.227,127.22495,9.90353,2
1,0,0,112.26695,-7.85659,639563,9131459,100.227,127.22495,9.92004,2
1,0,0,112.26642,-7.8567,639563,9131459,100.227,127.22495,9.93405,2
1,0,0,112.26583,-7.85595,639563,9131459,100.227,127.22495,10.03683,2
1,1,0,112.26548,-7.85586,639563,9131459,100.227,127.22495,10.06203,2
1,0,0,112.26574,-7.85546,639563,9131459,100.227,127.22495,10.09057,2
1,0,0,112.2642,-7.85661,639313,9131459,99.2246,124.98835,10.04858,2
1,0,0,112.26425,-7.85674,639313,9131209,102.332,124.98835,10.03291,2
1,0,0,112.26443,-7.8564,639313,9131459,99.2246,124.98835,10.0581,2
1,1,0,112.26404,-7.85624,639313,9131459,99.2246,124.98835,10.09297,2
1,0,0,112.26384,-7.85601,639313,9131459,99.2246,124.98835,10.12582,2
1,0,0,112.26374,-7.856,639313,9131459,99.2246,124.98835,10.13226,2
1,0,0,112.26366,-7.85605,639313,9131459,99.2246,124.98835,10.13062,2
1,0,0,112.26342,-7.85584,639313,9131459,99.2246,124.98835,10.16348,2
1,0,0,112.26348,-7.85578,639313,9131459,99.2246,124.98835,10.16646,2
1,0,0,112.26385,-7.85561,639313,9131459,99.2246,124.98835,10.16487,2
1,0,0,112.26439,-7.85553,639313,9131459,99.2246,124.98835,10.14717,2
1,0,0,112.26429,-7.85547,639313,9131459,99.2246,124.98835,10.1581,2
1,0,0,112.26461,-7.8558,639313,9131459,99.2246,124.98835,10.1098,2
1,0,0,112.26204,-7.85655,639063,9131459,98.1804,124.98835,10.1616,2
1,2,0,112.26194,-7.85618,639063,9131459,98.1804,124.98835,10.20288,2
1,0,0,112.26164,-7.8552,639063,9131459,98.1804,122.64999,10.31539,2
1,0,0,112.26159,-7.85453,639063,9131459,98.1804,122.64999,10.38388,2
1,0,0,112.26256,-7.8545,639313,9131459,99.2246,122.64999,10.33781,2
1,0,0,112.26271,-7.85444,639313,9131709,96.1295,122.64999,10.3369,2
1,0,0,112.26272,-7.85415,639313,9131709,96.1295,122.64999,10.36469,2
1,0,0,112.26282,-7.85411,639313,9131709,96.1295,122.64999,10.36416,2
1,0,0,112.26295,-7.85406,639313,9131709,96.1295,122.64999,10.36215,2
1,0,0,112.26323,-7.85399,639313,9131709,96.1295,122.64999,10.35566,2
1,2,0,112.26303,-7.85455,639313,9131459,99.2246,122.64999,10.30984,2
1,2,0,112.2637,-7.85494,639313,9131459,99.2246,122.64999,10.23873,2
1,0,0,112.26374,-7.85522,639313,9131459,99.2246,124.98835,10.20932,2
1,0,0,112.26404,-7.85508,639313,9131459,99.2246,122.64999,10.20783,2
1,0,0,112.26323,-7.85355,639313,9131709,96.1295,122.64999,10.39982,2
1,0,0,112.26328,-7.85373,639313,9131709,96.1295,122.64999,10.37909,2
1,0,0,112.26333,-7.85421,639313,9131709,96.1295,122.64999,10.32903,2
1,0,0,112.26339,-7.85418,639313,9131709,96.1295,122.64999,10.32992,2
1,0,0,112.26405,-7.85371,639313,9131709,96.1295,122.64999,10.34437,2
1,0,0,112.26417,-7.85368,639313,9131709,96.1295,122.64999,10.34158,2
1,2,0,112.26459,-7.85351,639313,9131709,96.1295,122.64999,10.33905,2
1,1,0,112.26489,-7.85348,639563,9131709,97.0569,122.64999,10.32843,2
1,1,0,112.26526,-7.85528,639563,9131459,100.227,124.98835,10.13012,2
2,2,0,112.2656,-7.85523,639563,9131459,100.227,127.22495,10.11998,2
1,0,0,112.26587,-7.85505,639563,9131459,100.227,124.35569,10.12508,2
1,0,0,112.26599,-7.85501,639563,9131459,100.227,124.35569,10.12306,2
1,0,0,112.26591,-7.85488,639563,9131459,100.227,124.35569,10.14001,2
1,0,0,112.26576,-7.85478,639563,9131459,100.227,124.35569,10.15737,2
1,0,0,112.26543,-7.85458,639563,9131459,100.227,124.35569,10.19242,2
1,0,0,112.26604,-7.85541,639563,9131459,100.227,127.22495,10.08102,2
1,0,0,112.26621,-7.85551,639563,9131459,100.227,127.22495,10.06307,2
1,0,0,112.2664,-7.85537,639563,9131459,100.227,127.22495,10.06812,2
2,2,0,112.26658,-7.8552,639563,9131459,100.227,127.22495,10.07705,2
1,0,0,112.26616,-7.85499,639563,9131459,100.227,124.35569,10.11721,2
1,0,0,112.26636,-7.85493,639563,9131459,100.227,124.35569,10.11458,2
1,0,0,112.26526,-7.85411,639563,9131709,97.0569,122.64999,10.24723,2
1,0,0,112.26571,-7.85388,639563,9131709,97.0569,124.35569,10.25029,2
1,0,0,112.26585,-7.85338,639563,9131709,97.0569,124.35569,10.29423,2
5,0,1,112.26789,-7.85675,639813,9131209,104.446,127.22495,9.86139,2
5,2,1,112.26783,-7.85657,639813,9131459,101.182,127.22495,9.8821,2
5,0,1,112.26728,-7.85664,639813,9131459,101.182,127.22495,9.90045,2
5,0,1,112.26712,-7.85669,639813,9131209,104.446,127.22495,9.90281,2
6,0,1,112.26694,-7.85674,639563,9131209,103.413,127.22495,9.90655,2
5,2,1,112.26691,-7.85666,639563,9131459,100.227,127.22495,9.91553,2
5,0,1,112.26579,-7.85606,639563,9131459,100.227,127.22495,10.02722,2
5,0,1,112.26579,-7.85619,639563,9131459,100.227,127.22495,10.01403,2
5,0,1,112.26552,-7.85598,639563,9131459,100.227,127.22495,10.04801,2
6,0,1,112.2658,-7.85575,639563,9131459,100.227,127.22495,10.05752,2
6,0,1,112.26603,-7.85562,639563,9131459,100.227,127.22495,10.06005,2
5,0,1,112.2645,-7.85655,639313,9131459,99.2246,124.98835,10.03965,2
5,0,1,112.26446,-7.85647,639313,9131459,99.2246,124.98835,10.04981,2
5,0,1,112.2641,-7.85631,639313,9131459,99.2246,124.98835,10.08366,2
5,0,1,112.2641,-7.8564,639313,9131459,99.2246,124.98835,10.07408,2
5,0,1,112.26438,-7.85625,639313,9131459,99.2246,124.98835,10.07526,2
6,0,1,112.26395,-7.85596,639313,9131459,99.2246,124.98835,10.12533,2
5,0,1,112.26358,-7.85579,639313,9131459,99.2246,124.98835,10.16006,2
5,0,1,112.26374,-7.85574,639313,9131459,99.2246,124.98835,10.15742,2
6,0,1,112.26415,-7.85565,639313,9131459,99.2246,124.98835,10.14583,2
5,0,1,112.26411,-7.85542,639313,9131459,99.2246,124.98835,10.17127,2
5,1,1,112.26455,-7.85547,639313,9131459,99.2246,124.98835,10.14462,2
6,0,1,112.26439,-7.85582,639313,9131459,99.2246,124.98835,10.11789,2
6,0,1,112.2645,-7.85579,639313,9131459,99.2246,124.98835,10.11532,2
6,0,1,112.26214,-7.85654,639063,9131459,98.1804,124.98835,10.15748,2
6,0,1,112.26232,-7.85651,639063,9131459,98.1804,124.98835,10.15221,2
6,0,1,112.26246,-7.85643,639063,9131459,98.1804,124.98835,10.15292,2
5,0,1,112.26264,-7.85641,639313,9131459,99.2246,124.98835,10.14572,2
4,0,1,112.26273,-7.85637,639313,9131459,99.2246,124.98835,10.14484,2
6,0,1,112.26218,-7.85624,639063,9131459,98.1804,124.98835,10.18512,2
6,0,1,112.26202,-7.85628,639063,9131459,98.1804,124.98835,10.18943,2
4,0,1,112.26238,-7.85616,639063,9131459,98.1804,124.98835,10.18359,2
6,0,1,112.26276,-7.85608,639313,9131459,99.2246,124.98835,10.17262,2
6,0,1,112.26281,-7.85602,639313,9131459,99.2246,124.98835,10.17548,2
6,0,1,112.26293,-7.85603,639313,9131459,99.2246,124.98835,10.16808,2
6,0,1,112.26301,-7.856,639313,9131459,99.2246,124.98835,10.16697,2
6,0,1,112.26119,-7.85491,639063,9131459,98.1804,122.64999,10.36563,2
6,0,1,112.26104,-7.855,639063,9131459,98.1804,122.64999,10.36514,2
5,0,1,112.26076,-7.85507,639063,9131459,98.1804,120.4158,10.3727,2
6,0,1,112.26106,-7.85472,639063,9131459,98.1804,122.64999,10.39154,2
6,0,1,112.26114,-7.85469,639063,9131459,98.1804,122.64999,10.39,2
6,0,1,112.2614,-7.8546,639063,9131459,98.1804,122.64999,10.38596,2
5,0,1,112.26169,-7.8545,639063,9131459,98.1804,122.64999,10.38191,2
5,0,1,112.26186,-7.85444,639063,9131459,98.1804,122.64999,10.37849,2
5,0,1,112.26202,-7.85439,639063,9131709,95.161,122.64999,10.3761,2
6,0,1,112.26215,-7.85435,639063,9131709,95.161,122.64999,10.37307,2
5,1,1,112.26224,-7.85434,639063,9131709,95.161,122.64999,10.3697,2
6,0,1,112.26243,-7.85424,639063,9131709,95.161,122.64999,10.37026,2
6,0,1,112.26311,-7.85434,639313,9131709,96.1295,122.64999,10.32697,2
5,0,1,112.26285,-7.85437,639313,9131709,96.1295,122.64999,10.33616,2
5,0,1,112.26296,-7.85436,639313,9131709,96.1295,122.64999,10.33207,2
5,0,1,112.26316,-7.854,639313,9131709,96.1295,122.64999,10.35837,2
5,0,1,112.26369,-7.85506,639313,9131459,99.2246,122.64999,10.22741,2
5,0,1,112.26365,-7.85517,639313,9131459,99.2246,122.64999,10.21838,2
5,0,1,112.26402,-7.85473,639313,9131459,99.2246,122.64999,10.24468,2
5,0,1,112.26352,-7.85449,639313,9131459,99.2246,122.64999,10.29207,2
5,0,1,112.26347,-7.85433,639313,9131709,96.1295,122.64999,10.31023,2
6,0,1,112.26328,-7.85421,639313,9131709,96.1295,122.64999,10.33159,2
6,0,1,112.26365,-7.85383,639313,9131709,96.1295,122.64999,10.35199,2
5,0,1,112.26431,-7.8536,639313,9131709,96.1295,122.64999,10.34285,2
4,0,1,112.26453,-7.85392,639313,9131709,96.1295,122.64999,10.30114,2
6,0,1,112.2651,-7.85358,639563,9131709,97.0569,122.64999,10.30783,2
6,0,1,112.26477,-7.85347,639313,9131709,96.1295,122.64999,10.33433,2
5,1,1,112.26505,-7.85332,639563,9131709,97.0569,122.64999,10.33683,2
4,0,1,112.26489,-7.85541,639563,9131459,100.227,124.98835,10.13533,2
5,0,1,112.26536,-7.85523,639563,9131459,100.227,127.22495,10.13037,2
5,0,1,112.26548,-7.85519,639563,9131459,100.227,124.35569,10.12931,2
6,0,1,112.26558,-7.85513,639563,9131459,100.227,124.35569,10.13082,2
5,0,1,112.26594,-7.85503,639563,9131459,100.227,124.35569,10.12389,2
6,0,1,112.26577,-7.85469,639563,9131459,100.227,124.35569,10.16535,2
6,0,1,112.26543,-7.85481,639563,9131459,100.227,124.35569,10.16976,2
5,0,1,112.26574,-7.85449,639563,9131459,100.227,124.35569,10.18702,2
4,0,1,112.26536,-7.85449,639563,9131459,100.227,124.35569,10.20492,2
4,0,1,112.26637,-7.85529,639563,9131459,100.227,127.22495,10.07771,2
4,0,1,112.26676,-7.85508,639563,9131459,100.227,124.35569,10.08127,2
5,1,1,112.26655,-7.85487,639563,9131459,100.227,124.35569,10.11173,2
4,0,1,112.26674,-7.85481,639563,9131459,100.227,124.35569,10.10909,2
6,0,1,112.26684,-7.85477,639563,9131459,100.227,124.35569,10.10881,2
4,0,1,112.2653,-7.8543,639563,9131709,97.0569,122.64999,10.22701,2
5,0,1,112.26556,-7.85399,639563,9131709,97.0569,124.35569,10.24545,2
6,0,1,112.26564,-7.85432,639563,9131709,97.0569,124.35569,10.20886,2
4,0,1,112.26561,-7.85423,639563,9131709,97.0569,124.35569,10.21926,2
4,0,1,112.2655,-7.85358,639563,9131709,97.0569,124.35569,10.29026,2
5,0,1,112.2658,-7.85343,639563,9131709,97.0569,124.35569,10.29142,2
0,0,2,112.26829,-7.85666,639813,9131459,101.182,127.22495,9.85319,2
0,0,2,112.26821,-7.85668,639813,9131209,104.446,127.22495,9.85452,2
0,0,2,112.2678,-7.8568,639813,9131209,104.446,127.22495,9.86114,2
2,0,2,112.26794,-7.85649,639813,9131459,101.182,127.22495,9.88556,2
0,0,2,112.26767,-7.85654,639813,9131459,101.182,127.22495,9.89296,2
0,0,2,112.26756,-7.85646,639813,9131459,101.182,127.22495,9.90542,2
0,0,2,112.26765,-7.85637,639813,9131459,101.182,127.22495,9.91083,2
2,0,2,112.26746,-7.8566,639813,9131459,101.182,127.22495,9.89598,2
2,0,2,112.26632,-7.85669,639563,9131459,100.227,127.22495,9.93977,2
0,0,2,112.26603,-7.85679,639563,9131209,103.413,127.22495,9.94353,2
0,0,2,112.26602,-7.85665,639563,9131459,100.227,127.22495,9.957,2
0,0,2,112.26569,-7.85597,639563,9131459,100.227,127.22495,10.04068,2
2,0,2,112.26564,-7.85565,639563,9131459,100.227,127.22495,10.07568,2
2,0,2,112.26564,-7.85545,639563,9131459,100.227,127.22495,10.09617,2
2,0,2,112.26552,-7.85548,639563,9131459,100.227,127.22495,10.09764,2
2,0,2,112.26564,-7.85565,639563,9131459,100.227,127.22495,10.07557,2
2,0,2,112.26544,-7.85553,639563,9131459,100.227,127.22495,10.09682,2
0,0,2,112.26536,-7.85553,639563,9131459,100.227,127.22495,10.10074,2
0,0,2,112.26519,-7.85562,639563,9131459,100.227,124.98835,10.09973,2
0,0,2,112.26505,-7.85569,639563,9131459,100.227,124.98835,10.09949,2
2,0,2,112.26487,-7.85572,639563,9131459,100.227,124.98835,10.10518,2
0,0,2,112.26477,-7.85576,639563,9131459,100.227,124.98835,10.10599,2
0,0,2,112.26423,-7.85668,639313,9131209,102.332,124.98835,10.04088,2
0,0,2,112.26408,-7.85606,639313,9131459,99.2246,124.98835,10.10918,2
0,0,2,112.26405,-7.85599,639313,9131459,99.2246,124.98835,10.11699,2
0,0,2,112.26404,-7.85591,639313,9131459,99.2246,124.98835,10.12531,2
0,0,2,112.26342,-7.85611,639313,9131459,99.2246,124.98835,10.13577,2
0,0,2,112.26336,-7.85589,639313,9131459,99.2246,124.98835,10.16116,2
0,0,2,112.26365,-7.85578,639313,9131459,99.2246,124.98835,10.15814,2
0,0,2,112.26381,-7.85572,639313,9131459,99.2246,124.98835,10.15631,2
0,0,2,112.26395,-7.85571,639313,9131459,99.2246,124.98835,10.14953,2
2,0,2,112.26257,-7.85641,639313,9131459,99.2246,124.98835,10.14916,2
0,0,2,112.26247,-7.8561,639063,9131459,98.1804,124.98835,10.18416,2
2,2,2,112.26029,-7.85566,639063,9131459,98.1804,123.30278,10.33882,2
2,2,2,112.26034,-7.85573,639063,9131459,98.1804,123.30278,10.32936,2
2,2,2,112.26033,-7.85587,639063,9131459,98.1804,123.30278,10.31618,2
0,0,2,112.26087,-7.85501,639063,9131459,98.1804,122.64999,10.37307,2
0,0,2,112.26265,-7.85447,639313,9131709,96.1295,122.64999,10.33696,2
0,0,2,112.26265,-7.8542,639313,9131709,96.1295,122.64999,10.36342,2
0,0,2,112.26487,-7.85372,639563,9131709,97.0569,122.64999,10.30512,2
2,0,2,112.26509,-7.85531,639563,9131459,100.227,124.98835,10.13537,2
0,0,2,112.26544,-7.85499,639563,9131459,100.227,124.35569,10.15151,2
0,0,2,112.26588,-7.85537,639563,9131459,100.227,127.22495,10.09249,2
0,0,2,112.26582,-7.8551,639563,9131459,100.227,124.35569,10.12226,2
2,0,2,112.26578,-7.85499,639563,9131459,100.227,124.35569,10.13518,2
0,0,2,112.26613,-7.85529,639563,9131459,100.227,127.22495,10.08853,2
2,0,2,112.26644,-7.85522,639563,9131459,100.227,127.22495,10.08122,2
0,0,2,112.26695,-7.85473,639563,9131459,100.227,124.35569,10.10769,2
0,0,2,112.26607,-7.85501,639563,9131459,100.227,124.35569,10.11945,2
0,0,2,112.26624,-7.85497,639563,9131459,100.227,124.35569,10.11595,2
0,0,2,112.26531,-7.85336,639563,9131709,97.0569,122.64999,10.32027,2
3,2,3,112.26547,-7.85604,639563,9131459,100.227,127.22495,10.04484,2
3,0,3,112.26418,-7.8565,639313,9131459,99.2246,124.98835,10.06083,2
3,0,3,112.26147,-7.85675,639063,9131209,101.208,124.98835,10.17105,2
3,0,3,112.26339,-7.85391,639313,9131709,96.1295,122.64999,10.35567,2
3,0,3,112.26471,-7.85379,639313,9131709,96.1295,122.64999,10.30478,2
3,0,3,112.26499,-7.85342,639563,9131709,97.0569,122.64999,10.32901,2
3,2,3,112.26591,-7.85545,639563,9131459,100.227,127.22495,10.0828,2
3,0,3,112.26714,-7.8549,639813,9131459,101.182,124.35569,10.08175,2
3,0,3,112.26715,-7.85469,639813,9131459,101.182,124.35569,10.10286,2
3,0,3,112.26524,-7.85401,639563,9131709,97.0569,122.64999,10.25895,2
1,0,0,112.26531,-7.84418,639563,9132709,84.7172,115.72131,11.25093,1
1,0,0,112.26505,-7.84433,639563,9132709,84.7172,115.72131,11.24615,1
1,0,0,112.26497,-7.84433,639563,9132709,84.7172,115.72131,11.25043,1
1,0,0,112.26487,-7.8441,639563,9132709,84.7172,115.72131,11.27749,1
1,0,0,112.26498,-7.8441,639563,9132709,84.7172,115.72131,11.2727,1
1,0,0,112.26478,-7.84416,639313,9132709,84.0509,115.72131,11.27564,1
1,0,0,112.26466,-7.84447,639313,9132709,84.0509,115.72131,11.24867,1
1,0,0,112.26466,-7.84456,639313,9132709,84.0509,115.72131,11.23986,1
2,2,0,112.26491,-7.84482,639563,9132709,84.7172,115.72131,11.20263,1
1,0,0,112.26472,-7.84481,639313,9132709,84.0509,115.72131,11.21241,1
1,0,0,112.26474,-7.8449,639313,9132709,84.0509,115.72131,11.2018,1
1,0,0,112.2648,-7.84495,639563,9132709,84.7172,115.72131,11.1943,1
1,0,0,112.26529,-7.84513,639563,9132709,84.7172,115.72131,11.15495,1
1,0,0,112.26504,-7.84523,639563,9132709,84.7172,115.72131,11.15566,1
1,0,0,112.26432,-7.84517,639313,9132709,84.0509,115.72131,11.19232,1
1,0,0,112.26426,-7.8452,639313,9132709,84.0509,115.72131,11.19257,1
1,0,0,112.26418,-7.84521,639313,9132709,84.0509,115.72131,11.19447,1
1,0,0,112.26403,-7.84528,639313,9132709,84.0509,115.72131,11.19351,1
1,0,0,112.26329,-7.84552,639313,9132459,87.0098,115.72131,11.20235,1
1,0,0,112.26319,-7.8452,639313,9132709,84.0509,115.72131,11.23977,1
1,1,0,112.26233,-7.84573,639063,9132459,86.2454,115.72131,11.22509,1
1,0,0,112.26166,-7.8451,639063,9132709,83.3471,115.72131,11.31924,1
1,0,0,112.26216,-7.84494,639063,9132709,83.3471,115.72131,11.31184,1
1,0,0,112.26244,-7.84517,639063,9132709,83.3471,115.72131,11.27598,1
1,0,0,112.26275,-7.84459,639313,9132709,84.0509,115.72131,11.32008,1
1,1,0,112.2631,-7.84464,639313,9132709,84.0509,115.72131,11.30025,1
1,1,0,112.26356,-7.84479,639313,9132709,84.0509,115.72131,11.26428,1
1,0,0,112.26298,-7.84458,639313,9132709,84.0509,115.72131,11.31143,1
1,0,0,112.26318,-7.84451,639313,9132709,84.0509,115.72131,11.30954,1
1,0,0,112.26243,-7.84423,639063,9132709,83.3471,115.72131,11.37138,1
1,0,0,112.2627,-7.84476,639313,9132709,84.0509,115.72131,11.30572,1
1,0,0,112.26268,-7.84417,639313,9132709,84.0509,115.72131,11.36593,1
1,0,0,112.2644,-7.84479,639313,9132709,84.0509,115.72131,11.22746,1
1,0,0,112.26403,-7.84464,639313,9132709,84.0509,115.72131,11.25933,1
1,0,0,112.26396,-7.84489,639313,9132709,84.0509,115.72131,11.23623,1
1,0,0,112.26316,-7.8451,639313,9132709,84.0509,115.72131,11.25129,1
5,2,1,112.26525,-7.84424,639563,9132709,84.7172,115.72131,11.24723,1
6,0,1,112.26487,-7.84436,639563,9132709,84.7172,115.72131,11.25147,1
6,0,1,112.26475,-7.84436,639313,9132709,84.0509,115.72131,11.25578,1
4,0,1,112.26469,-7.84418,639313,9132709,84.0509,115.72131,11.27718,1
5,0,1,112.26457,-7.84421,639313,9132709,84.0509,115.72131,11.27922,1
5,0,1,112.26444,-7.84411,639313,9132709,84.0509,115.72131,11.29519,1
6,0,1,112.2646,-7.84439,639313,9132709,84.0509,115.72131,11.25951,1
5,0,1,112.26422,-7.84417,639313,9132709,84.0509,115.72131,11.29834,1
5,0,1,112.26427,-7.84434,639313,9132709,84.0509,115.72131,11.2793,1
5,0,1,112.2647,-7.84465,639313,9132709,84.0509,115.72131,11.22918,1
5,0,1,112.26506,-7.8449,639563,9132709,84.7172,115.72131,11.18818,1
5,0,1,112.2651,-7.84496,639563,9132709,84.7172,115.72131,11.17971,1
5,0,1,112.26516,-7.8452,639563,9132709,84.7172,115.72131,11.15371,1
5,0,1,112.26485,-7.84524,639563,9132709,84.7172,115.72131,11.16275,1
5,0,1,112.26486,-7.84505,639563,9132709,84.7172,115.72131,11.1815,1
5,0,1,112.26449,-7.84505,639313,9132709,84.0509,115.72131,11.1972,1
5,0,1,112.26457,-7.84517,639313,9132709,84.0509,115.72131,11.18195,1
5,2,1,112.2644,-7.84518,639313,9132709,84.0509,115.72131,11.18863,1
5,0,1,112.26376,-7.84518,639313,9132709,84.0509,115.72131,11.21594,1
5,0,1,112.26384,-7.84531,639313,9132709,84.0509,115.72131,11.19983,1
4,0,1,112.26362,-7.84539,639313,9132459,87.0098,115.72131,11.20104,1
4,0,1,112.26325,-7.84535,639313,9132709,84.0509,115.72131,11.22094,1
4,0,1,112.26311,-7.84559,639313,9132459,87.0098,115.72131,11.20376,1
6,0,1,112.26291,-7.84564,639313,9132459,87.0098,115.72131,11.20726,1
5,0,1,112.26302,-7.84565,639313,9132459,87.0098,115.72131,11.20211,1
4,0,1,112.26305,-7.84538,639313,9132459,87.0098,115.72131,11.22725,1
5,0,1,112.26273,-7.84564,639313,9132459,87.0098,115.72131,11.21539,1
5,0,1,112.26234,-7.84583,639063,9132459,86.2454,115.72131,11.21436,1
5,0,1,112.26199,-7.84588,639063,9132459,86.2454,115.72131,11.22508,1
5,0,1,112.26203,-7.84529,639063,9132709,83.3471,115.72131,11.2829,1
5,0,1,112.2619,-7.84534,639063,9132709,83.3471,115.72131,11.28333,1
5,0,1,112.2618,-7.84536,639063,9132709,83.3471,115.72131,11.28628,1
4,0,1,112.26196,-7.84491,639063,9132709,83.3471,115.72131,11.32351,1
6,0,1,112.26209,-7.84496,639063,9132709,83.3471,115.72131,11.31308,1
4,0,1,112.26236,-7.84489,639063,9132709,83.3471,115.72131,11.30792,1
6,0,1,112.26279,-7.84508,639313,9132709,84.0509,115.72131,11.26914,1
5,0,1,112.26295,-7.84501,639313,9132709,84.0509,115.72131,11.26957,1
5,0,1,112.26261,-7.84477,639313,9132709,84.0509,115.72131,11.3089,1
5,0,1,112.26285,-7.8447,639313,9132709,84.0509,115.72131,11.30502,1
5,0,1,112.26303,-7.84472,639313,9132709,84.0509,115.72131,11.29513,1
5,0,1,112.26322,-7.84461,639313,9132709,84.0509,115.72131,11.29776,1
5,0,1,112.26339,-7.84452,639313,9132709,84.0509,115.72131,11.29979,1
5,0,1,112.26347,-7.84449,639313,9132709,84.0509,115.72131,11.29862,1
5,0,1,112.26362,-7.84452,639313,9132709,84.0509,115.72131,11.28958,1
6,0,1,112.2623,-7.84432,639063,9132709,83.3471,115.72131,11.36806,1
5,0,1,112.26276,-7.84439,639313,9132709,84.0509,115.72131,11.34065,1
6,0,1,112.2633,-7.84488,639313,9132709,84.0509,115.72131,11.26687,1
4,0,1,112.26319,-7.84493,639313,9132709,84.0509,115.72131,11.26659,1
5,0,1,112.26346,-7.84484,639313,9132709,84.0509,115.72131,11.26418,1
6,0,1,112.26366,-7.84478,639313,9132709,84.0509,115.72131,11.26063,1
6,0,1,112.26437,-7.84451,639313,9132709,84.0509,115.72131,11.25768,1
5,0,1,112.26425,-7.84453,639313,9132709,84.0509,115.72131,11.25997,1
5,0,1,112.26434,-7.8446,639313,9132709,84.0509,115.72131,11.24961,1
5,0,1,112.26416,-7.84456,639313,9132709,84.0509,115.72131,11.26156,1
4,0,1,112.2639,-7.84478,639313,9132709,84.0509,115.72131,11.25027,1
5,0,1,112.2641,-7.84431,639313,9132709,84.0509,115.72131,11.28977,1
4,0,1,112.26392,-7.84436,639313,9132709,84.0509,115.72131,11.29261,1
5,0,1,112.26348,-7.84425,639313,9132709,84.0509,115.72131,11.32254,1
0,0,2,112.26518,-7.84493,639563,9132709,84.7172,115.72131,11.18032,1
2,2,2,112.26377,-7.84501,639313,9132709,84.0509,115.72131,11.23295,1
2,0,2,112.26344,-7.8455,639313,9132459,87.0098,115.72131,11.19815,1
2,2,2,112.26195,-7.84577,639063,9132459,86.2454,115.72131,11.23791,1
2,2,2,112.26223,-7.84538,639063,9132459,86.2454,115.72131,11.26447,1
2,0,2,112.26228,-7.84491,639063,9132709,83.3471,115.72131,11.3091,1
3,0,3,112.26448,-7.84423,639313,9132709,84.0509,115.72131,11.28127,1
1,0,0,112.24427,-7.91309,637063,9125209,115.046,119.91959,7.18966,5
2,2,0,112.24401,-7.91303,637063,9125209,115.046,119.91959,7.21955,5
1,0,0,112.2441,-7.91304,637063,9125209,115.046,119.91959,7.20971,5
1,1,0,112.24341,-7.91287,637063,9125209,115.046,119.91959,7.28711,5
1,0,0,112.24379,-7.91328,637063,9124959,113.529,119.91959,7.23074,5
1,0,0,112.24355,-7.91328,637063,9124959,113.529,119.91959,7.25529,5
1,0,0,112.24301,-7.91321,637063,9125209,115.046,119.91959,7.3141,5
1,0,0,112.24303,-7.91348,637063,9124959,113.529,119.91959,7.30038,5
1,0,0,112.24275,-7.91304,637063,9125209,115.046,117.90727,7.34664,5
1,0,0,112.24302,-7.91399,637063,9124959,113.529,119.91959,7.28038,5
1,0,0,112.24335,-7.91431,637063,9124959,113.529,119.36322,7.23383,5
1,0,0,112.24342,-7.91412,637063,9124959,113.529,119.36322,7.23453,5
1,2,0,112.24372,-7.91441,637063,9124959,113.529,119.36322,7.19164,5
1,0,0,112.24409,-7.91452,637063,9124959,113.529,119.36322,7.14971,5
1,0,0,112.24426,-7.91482,637063,9124959,113.529,119.36322,7.11975,5
1,0,0,112.24397,-7.91476,637063,9124959,113.529,119.36322,7.15169,5
1,2,0,112.24331,-7.91509,637063,9124959,113.529,119.36322,7.20659,5
1,0,0,112.24329,-7.91485,637063,9124959,113.529,119.36322,7.2179,5
1,0,0,112.24332,-7.91493,637063,9124959,113.529,119.36322,7.21215,5
1,0,0,112.24331,-7.91499,637063,9124959,113.529,119.36322,7.21039,5
1,0,0,112.2435,-7.91516,637063,9124959,113.529,119.36322,7.18509,5
1,0,0,112.24335,-7.91466,637063,9124959,113.529,119.36322,7.2198,5
1,0,0,112.24274,-7.91479,637063,9124959,113.529,117.63443,7.27734,5
1,1,0,112.24261,-7.9145,637063,9124959,113.529,117.63443,7.30182,5
1,0,0,112.2424,-7.91448,637063,9124959,113.529,117.63443,7.32463,5
1,0,0,112.24306,-7.91424,637063,9124959,113.529,119.36322,7.2666,5
1,0,0,112.24279,-7.91423,637063,9124959,113.529,117.63443,7.29449,5
1,0,0,112.24266,-7.91417,637063,9124959,113.529,117.63443,7.31051,5
1,0,0,112.24251,-7.91408,637063,9124959,113.529,117.63443,7.32936,5
1,0,0,112.2419,-7.91497,636813,9124959,110.994,117.63443,7.35761,5
1,0,0,112.2419,-7.91483,636813,9124959,110.994,117.63443,7.36244,5
1,0,0,112.24191,-7.91455,636813,9124959,110.994,117.63443,7.37251,5
1,0,0,112.24203,-7.91472,636813,9124959,110.994,117.63443,7.35294,5
1,2,0,112.24136,-7.91482,636813,9124959,110.994,117.63443,7.41904,5
1,0,0,112.24185,-7.91432,636813,9124959,110.994,117.63443,7.38806,5
2,2,0,112.2416,-7.91429,636813,9124959,110.994,117.63443,7.4147,5
1,2,0,112.2415,-7.91433,636813,9124959,110.994,117.63443,7.42259,5
1,0,0,112.24157,-7.91395,636813,9124959,110.994,117.90727,7.43052,5
1,0,0,112.24214,-7.91341,636813,9124959,110.994,117.90727,7.3943,5
1,1,0,112.24212,-7.91354,636813,9124959,110.994,117.90727,7.39132,5
1,0,0,112.24193,-7.9138,636813,9124959,110.994,117.90727,7.40015,5
1,0,0,112.24133,-7.91357,636813,9124959,110.994,117.90727,7.4706,5
1,0,0,112.24141,-7.91337,636813,9124959,110.994,117.90727,7.47083,5
1,0,0,112.24151,-7.91251,636813,9125209,112.49,117.90727,7.49593,5
1,0,0,112.24162,-7.91252,636813,9125209,112.49,117.90727,7.48437,5
1,0,0,112.24203,-7.91251,636813,9125209,112.49,117.90727,7.44279,5
1,0,0,112.24261,-7.91267,637063,9125209,115.046,117.90727,7.377,5
1,0,0,112.2423,-7.91295,637063,9125209,115.046,117.90727,7.39623,5
1,0,0,112.24239,-7.91297,637063,9125209,115.046,117.90727,7.38682,5
5,0,1,112.24377,-7.9129,637063,9125209,115.046,119.91959,7.24921,5
4,0,1,112.24391,-7.91301,637063,9125209,115.046,119.91959,7.2307,5
5,0,1,112.24361,-7.91297,637063,9125209,115.046,119.91959,7.26285,5
5,0,1,112.24429,-7.9134,637063,9124959,113.529,119.91959,7.17531,5
5,0,1,112.24394,-7.91337,637063,9124959,113.529,119.91959,7.21172,5
5,2,1,112.24404,-7.91336,637063,9124959,113.529,119.91959,7.20226,5
5,0,1,112.24418,-7.91338,637063,9124959,113.529,119.91959,7.18696,5
5,2,1,112.24335,-7.91323,637063,9125209,115.046,119.91959,7.27827,5
6,0,1,112.24308,-7.91381,637063,9124959,113.529,119.91959,7.28182,5
5,0,1,112.24359,-7.91442,637063,9124959,113.529,119.36322,7.20469,5
5,0,1,112.24382,-7.91432,637063,9124959,113.529,119.36322,7.18492,5
5,0,1,112.24396,-7.9145,637063,9124959,113.529,119.36322,7.16359,5
5,0,1,112.24423,-7.91495,637063,9124959,113.529,119.36322,7.11758,5
5,0,1,112.24392,-7.91494,637063,9124959,113.529,119.36322,7.14922,5
5,0,1,112.24313,-7.9151,637063,9124959,113.529,119.36322,7.22464,5
5,1,1,112.24312,-7.91496,637063,9124959,113.529,119.36322,7.23089,5
6,0,1,112.24309,-7.91461,637063,9124959,113.529,119.36322,7.24868,5
5,0,1,112.24288,-7.91452,637063,9124959,113.529,119.36322,7.27331,5
5,0,1,112.2427,-7.91453,637063,9124959,113.529,117.63443,7.29202,5
6,0,1,112.24252,-7.91451,637063,9124959,113.529,117.63443,7.31074,5
4,0,1,112.24287,-7.91427,637063,9124959,113.529,119.36322,7.28487,5
4,0,1,112.24214,-7.91438,636813,9124959,110.994,117.63443,7.3547,5
5,0,1,112.24133,-7.91417,636813,9124959,110.994,117.63443,7.44723,5
6,0,1,112.24217,-7.91403,636813,9124959,110.994,117.90727,7.36616,5
5,0,1,112.24203,-7.91403,636813,9124959,110.994,117.90727,7.38068,5
5,0,1,112.24187,-7.91402,636813,9124959,110.994,117.90727,7.39704,5
5,0,1,112.2417,-7.91403,636813,9124959,110.994,117.90727,7.41453,5
5,0,1,112.24192,-7.91364,636813,9124959,110.994,117.90727,7.40727,5
5,0,1,112.24158,-7.91366,636813,9124959,110.994,117.90727,7.44153,5
4,0,1,112.2416,-7.91327,636813,9124959,110.994,117.90727,7.45534,5
5,0,1,112.24143,-7.91322,636813,9125209,112.49,117.90727,7.47515,5
5,0,1,112.24149,-7.91338,636813,9124959,110.994,117.90727,7.46253,5
6,0,1,112.24157,-7.91336,636813,9124959,110.994,117.90727,7.45471,5
5,2,1,112.24195,-7.91323,636813,9125209,112.49,117.90727,7.42132,5
5,0,1,112.24161,-7.91301,636813,9125209,112.49,117.90727,7.46467,5
5,0,1,112.24138,-7.91295,636813,9125209,112.49,117.90727,7.49057,5
5,0,1,112.24141,-7.91276,636813,9125209,112.49,117.90727,7.4958,5
5,0,1,112.24155,-7.91282,636813,9125209,112.49,117.90727,7.47905,5
5,1,1,112.2412,-7.91271,636813,9125209,112.49,117.90727,7.51976,5
5,0,1,112.2413,-7.91246,636813,9125209,112.49,117.90727,7.5194,5
5,0,1,112.24199,-7.91259,636813,9125209,112.49,117.90727,7.44389,5
5,0,1,112.24213,-7.91257,636813,9125209,112.49,117.90727,7.42988,5
5,0,1,112.24193,-7.91286,636813,9125209,112.49,117.90727,7.4385,5
5,0,1,112.24238,-7.91268,637063,9125209,115.046,117.90727,7.39939,5
5,2,1,112.24247,-7.91268,637063,9125209,115.046,117.90727,7.39034,5
5,1,1,112.24323,-7.91249,637063,9125209,115.046,119.91959,7.32156,5
2,0,2,112.24326,-7.91285,637063,9125209,115.046,119.91959,7.30298,5
0,0,2,112.24368,-7.91326,637063,9124959,113.529,119.91959,7.24252,5
0,0,2,112.24383,-7.91446,637063,9124959,113.529,119.36322,7.17781,5
0,0,2,112.243,-7.9146,637063,9124959,113.529,119.36322,7.25766,5
2,0,2,112.24366,-7.91469,637063,9124959,113.529,119.36322,7.18656,5
2,0,2,112.24365,-7.91489,637063,9124959,113.529,119.36322,7.17947,5
2,0,2,112.24354,-7.91482,637063,9124959,113.529,119.36322,7.19416,5
2,2,2,112.24348,-7.91466,637063,9124959,113.529,119.36322,7.20589,5
2,0,2,112.2423,-7.91438,637063,9124959,113.529,117.63443,7.33899,5
2,0,2,112.24149,-7.91367,636813,9124959,110.994,117.90727,7.4501,5
3,0,3,112.24431,-7.91449,637063,9124959,113.529,119.36322,7.12775,5
3,0,3,112.24377,-7.91488,637063,9124959,113.529,119.36322,7.16715,5
3,0,3,112.24271,-7.91461,637063,9124959,113.529,117.63443,7.28737,5
3,0,3,112.24136,-7.91393,636813,9124959,110.994,117.90727,7.45295,5
1,2,0,112.22916,-7.96376,635563,9119459,42.3004,76.04784,8.77162,6
1,2,0,112.22987,-7.96274,635563,9119709,44.9978,81.58365,8.66176,6
1,0,0,112.23026,-7.96267,635563,9119709,44.9978,81.58365,8.61879,6
1,2,0,112.23038,-7.96238,635563,9119709,44.9978,81.58365,8.59596,6
1,0,0,112.23077,-7.96256,635563,9119709,44.9978,81.58365,8.56137,6
1,2,0,112.23094,-7.96256,635563,9119709,44.9978,81.58365,8.543,6
1,0,0,112.23166,-7.96241,635813,9119709,45.7666,81.58365,8.4629,6
1,2,0,112.23176,-7.96237,635813,9119709,45.7666,81.58365,8.45077,6
1,0,0,112.23166,-7.96215,635813,9119709,45.7666,81.58365,8.45392,6
1,0,0,112.23185,-7.9621,635813,9119709,45.7666,81.58365,8.43254,6
1,0,0,112.23196,-7.96188,635813,9119709,45.7666,81.58365,8.41281,6
1,0,0,112.23207,-7.96184,635813,9119709,45.7666,81.58365,8.40048,6
1,0,0,112.23203,-7.96166,635813,9119709,45.7666,81.58365,8.39789,6
1,0,0,112.23241,-7.96178,635813,9119709,45.7666,81.58365,8.36273,6
1,1,0,112.23207,-7.96232,635813,9119709,45.7666,81.58365,8.41727,6
1,0,0,112.23258,-7.96219,635813,9119709,45.7666,81.58365,8.35878,6
1,0,0,112.23252,-7.96194,635813,9119709,45.7666,81.58365,8.3562,6
1,2,0,112.2326,-7.96174,635813,9119709,45.7666,81.58365,8.34087,6
1,2,0,112.23296,-7.96185,635813,9119709,45.7666,81.58365,8.30721,6
1,2,0,112.23336,-7.96178,635813,9119709,45.7666,81.58365,8.26311,6
1,0,0,112.23351,-7.96174,636063,9119709,46.5535,81.58365,8.24602,6
1,2,0,112.23333,-7.96208,635813,9119709,45.7666,81.58365,8.27645,6
1,2,0,112.23346,-7.96201,636063,9119709,46.5535,81.58365,8.26056,6
1,0,0,112.23361,-7.96199,636063,9119709,46.5535,81.58365,8.24442,6
1,2,0,112.23359,-7.96212,636063,9119709,46.5535,81.58365,8.25075,6
1,0,0,112.23364,-7.96225,636063,9119709,46.5535,81.58365,8.25063,6
1,2,0,112.23381,-7.96197,636063,9119709,46.5535,81.58365,8.22266,6
1,2,0,112.23372,-7.96168,636063,9119709,46.5535,81.58365,8.22244,6
1,0,0,112.23324,-7.96161,635813,9119709,45.7666,81.58365,8.26956,6
1,2,0,112.23318,-7.96166,635813,9119709,45.7666,81.58365,8.27806,6
1,0,0,112.23308,-7.96165,635813,9119709,45.7666,81.58365,8.28806,6
1,0,0,112.23306,-7.96211,635813,9119709,45.7666,81.58365,8.30614,6
1,0,0,112.23318,-7.9621,635813,9119709,45.7666,81.58365,8.29328,6
1,0,0,112.23304,-7.96147,635813,9119709,45.7666,81.58365,8.28573,6
1,0,0,112.23319,-7.96139,635813,9119709,45.7666,81.58365,8.26706,6
1,0,0,112.2323,-7.96158,635813,9119709,45.7666,81.58365,8.36725,6
1,0,0,112.23214,-7.96146,635813,9119709,45.7666,81.58365,8.38001,6
1,2,0,112.23315,-7.96084,635813,9119709,45.7666,81.58365,8.25283,6
1,0,0,112.23335,-7.96081,635813,9119709,45.7666,81.58365,8.23106,6
1,2,0,112.23299,-7.96065,635813,9119959,48.6063,81.58365,8.26389,6
1,2,0,112.23325,-7.96061,635813,9119959,48.6063,81.58365,8.23425,6
1,0,0,112.23368,-7.96155,636063,9119709,46.5535,81.58365,8.22115,6
1,0,0,112.2342,-7.96142,636063,9119709,46.5535,86.9628,8.16251,6
1,2,0,112.23443,-7.96157,636063,9119709,46.5535,86.9628,8.14392,6
1,2,0,112.23407,-7.96161,636063,9119709,46.5535,86.9628,8.18325,6
1,1,0,112.23449,-7.96186,636063,9119709,46.5535,86.9628,8.14761,6
1,2,0,112.23455,-7.96183,636063,9119709,46.5535,86.9628,8.1409,6
1,2,0,112.23433,-7.96115,636063,9119709,46.5535,86.9628,8.13962,6
1,0,0,112.23436,-7.9614,636063,9119709,46.5535,86.9628,8.14501,6
1,0,0,112.23451,-7.96135,636063,9119709,46.5535,86.9628,8.1282,6
1,0,0,112.23464,-7.9615,636063,9119709,46.5535,86.9628,8.1192,6
1,0,0,112.23482,-7.9615,636063,9119709,46.5535,86.9628,8.10037,6
1,0,0,112.23478,-7.96133,636063,9119709,46.5535,86.9628,8.0987,6
1,0,0,112.23511,-7.96142,636063,9119709,46.5535,86.9628,8.06728,6
1,1,0,112.23521,-7.9614,636063,9119709,46.5535,86.9628,8.05615,6
1,0,0,112.23532,-7.96137,636063,9119709,46.5535,86.9628,8.04329,6
1,0,0,112.23619,-7.96098,636313,9119709,47.359,86.9628,7.9393,6
1,0,0,112.23589,-7.96156,636313,9119709,47.359,86.9628,7.99106,6
1,0,0,112.23565,-7.96165,636063,9119709,46.5535,86.9628,8.01953,6
5,0,1,112.22917,-7.96344,635563,9119459,42.3004,76.04784,8.76006,6
6,0,1,112.23077,-7.96233,635563,9119709,44.9978,81.58365,8.55363,6
5,0,1,112.23098,-7.96227,635563,9119709,44.9978,81.58365,8.52937,6
5,0,1,112.23107,-7.96252,635813,9119709,45.7666,81.58365,8.52859,6
5,2,1,112.23147,-7.96243,635813,9119709,45.7666,81.58365,8.48403,6
5,0,1,112.23195,-7.96207,635813,9119709,45.7666,81.58365,8.42068,6
6,0,1,112.23181,-7.96191,635813,9119709,45.7666,81.58365,8.43018,6
6,0,1,112.23189,-7.96168,635813,9119709,45.7666,81.58365,8.41379,6
6,0,1,112.23211,-7.96203,635813,9119709,45.7666,81.58365,8.40299,6
5,2,1,112.23221,-7.96183,635813,9119709,45.7666,81.58365,8.38518,6
5,2,1,112.23225,-7.962,635813,9119709,45.7666,81.58365,8.38623,6
4,1,1,112.2324,-7.96196,635813,9119709,45.7666,81.58365,8.37028,6
5,2,1,112.23193,-7.96233,635813,9119709,45.7666,81.58365,8.43208,6
5,1,1,112.23277,-7.96217,635813,9119709,45.7666,81.58365,8.33848,6
5,0,1,112.23287,-7.96215,635813,9119709,45.7666,81.58365,8.32709,6
5,0,1,112.23282,-7.96188,635813,9119709,45.7666,81.58365,8.32256,6
5,2,1,112.23325,-7.96177,635813,9119709,45.7666,81.58365,8.27411,6
6,2,1,112.23309,-7.96182,635813,9119709,45.7666,81.58365,8.29315,6
5,2,1,112.23258,-7.96153,635813,9119709,45.7666,81.58365,8.33646,6
5,2,1,112.23301,-7.96127,635813,9119709,45.7666,81.58365,8.28169,6
5,0,1,112.23341,-7.96119,636063,9119709,46.5535,81.58365,8.23742,6
5,2,1,112.23332,-7.96096,635813,9119709,45.7666,81.58365,8.23877,6
5,0,1,112.23325,-7.961,635813,9119709,45.7666,81.58365,8.24807,6
5,0,1,112.2338,-7.96151,636063,9119709,46.5535,81.58365,8.20728,6
5,0,1,112.23395,-7.96165,636063,9119709,46.5535,86.9628,8.19665,6
5,0,1,112.23421,-7.96158,636063,9119709,46.5535,86.9628,8.16704,6
5,0,1,112.2345,-7.96156,636063,9119709,46.5535,86.9628,8.13581,6
6,0,1,112.23492,-7.96147,636063,9119709,46.5535,86.9628,8.08858,6
5,0,1,112.23524,-7.96124,636063,9119709,46.5535,86.9628,8.0469,6
5,0,1,112.23508,-7.96128,636063,9119709,46.5535,86.9628,8.0654,6
5,0,1,112.23551,-7.96117,636063,9119709,46.5535,86.9628,8.01715,6
5,0,1,112.23539,-7.96135,636063,9119709,46.5535,86.9628,8.03532,6
5,0,1,112.23565,-7.9613,636063,9119709,46.5535,86.9628,8.00732,6
5,0,1,112.23578,-7.96129,636313,9119709,47.359,86.9628,7.99252,6
6,2,1,112.23567,-7.96112,636313,9119709,47.359,86.9628,7.99839,6
5,0,1,112.23576,-7.96112,636313,9119709,47.359,86.9628,7.98848,6
5,0,1,112.23599,-7.96121,636313,9119709,47.359,86.9628,7.96833,6
5,0,1,112.23593,-7.96108,636313,9119709,47.359,86.9628,7.96921,6
2,2,2,112.22957,-7.96308,635563,9119709,44.9978,81.58365,8.70431,6
2,0,2,112.22967,-7.96299,635563,9119709,44.9978,81.58365,8.69165,6
0,0,2,112.23322,-7.96226,635813,9119709,45.7666,81.58365,8.29438,6
2,2,2,112.23358,-7.96218,636063,9119709,46.5535,81.58365,8.2544,6
2,2,2,112.23392,-7.96194,636063,9119709,46.5535,81.58365,8.21026,6
2,0,2,112.2338,-7.96167,636063,9119709,46.5535,81.58365,8.21312,6
2,2,2,112.23385,-7.96166,636063,9119709,46.5535,81.58365,8.20803,6
2,2,2,112.23337,-7.96159,635813,9119709,45.7666,81.58365,8.25519,6
2,0,2,112.23348,-7.96158,636063,9119709,46.5535,81.58365,8.24306,6
2,2,2,112.23274,-7.96148,635813,9119709,45.7666,81.58365,8.31763,6
0,2,2,112.23328,-7.96138,635813,9119709,45.7666,81.58365,8.25773,6
2,0,2,112.23289,-7.96149,635813,9119709,45.7666,81.58365,8.30237,6
2,0,2,112.23216,-7.96163,635813,9119709,45.7666,81.58365,8.38353,6
2,2,2,112.23313,-7.96124,635813,9119709,45.7666,81.58365,8.26889,6
2,2,2,112.23323,-7.96121,635813,9119709,45.7666,81.58365,8.25729,6
2,0,2,112.2331,-7.96101,635813,9119709,45.7666,81.58365,8.26366,6
0,0,2,112.23408,-7.96147,636063,9119709,46.5535,86.9628,8.17731,6
2,0,2,112.23463,-7.96136,636063,9119709,46.5535,86.9628,8.11505,6
0,0,2,112.23525,-7.96164,636063,9119709,46.5535,86.9628,8.06026,6
2,0,2,112.23538,-7.96121,636063,9119709,46.5535,86.9628,8.03216,6
3,0,3,112.23551,-7.96134,636063,9119709,46.5535,86.9628,8.02253,6
1,0,0,112.24053,-8.0196,636813,9113209,4.90097,16.80903,11.43895,7
1,0,0,112.2403,-8.01974,636563,9113209,4.90484,16.80903,11.46633,7
1,0,0,112.24046,-8.01976,636813,9113209,4.90097,16.80903,11.45726,7
1,0,0,112.23994,-8.01966,636563,9113209,4.90484,16.80903,11.4838,7
1,0,0,112.24014,-8.01967,636563,9113209,4.90484,16.80903,11.47145,7
1,0,0,112.24003,-8.01953,636563,9113459,5.46213,16.80903,11.46752,7
1,0,0,112.24008,-8.01947,636563,9113459,5.46213,16.80903,11.45854,7
1,0,0,112.23978,-8.01957,636563,9113459,5.46213,16.80903,11.48693,7
1,0,0,112.23973,-8.01988,636563,9113209,4.90484,16.80903,11.51763,7
1,0,0,112.2395,-8.01975,636563,9113209,4.90484,16.80903,11.52204,7
1,2,0,112.23927,-8.01965,636563,9113209,4.90484,16.80903,11.52892,7
1,0,0,112.2392,-8.01961,636563,9113209,4.90484,16.80903,11.53023,7
1,2,0,112.23912,-8.01961,636563,9113209,4.90484,16.80903,11.53642,7
1,2,0,112.23906,-8.01958,636563,9113459,5.46213,16.80903,11.53761,7
1,0,0,112.2393,-8.01937,636563,9113459,5.46213,16.80903,11.50348,7
1,0,0,112.23877,-8.01949,636563,9113459,5.46213,16.80903,11.54967,7
1,0,0,112.23888,-8.01952,636563,9113459,5.46213,16.80903,11.54459,7
1,0,0,112.23886,-8.01961,636563,9113209,4.90484,16.80903,11.55399,7
1,0,0,112.23867,-8.01946,636563,9113459,5.46213,16.80903,11.55402,7
1,0,0,112.23863,-8.01954,636563,9113459,5.46213,17.37764,11.56377,7
1,0,0,112.23862,-8.0196,636563,9113209,4.90484,17.37764,11.56967,7
1,0,0,112.23905,-8.01916,636563,9113459,5.46213,16.80903,11.50196,7
1,0,0,112.23911,-8.01931,636563,9113459,5.46213,16.80903,11.51102,7
1,0,0,112.23916,-8.0192,636563,9113459,5.46213,16.80903,11.49808,7
1,0,0,112.23896,-8.0191,636563,9113459,5.46213,16.80903,11.50307,7
1,0,0,112.23894,-8.01917,636563,9113459,5.46213,16.80903,11.51127,7
1,2,0,112.23861,-8.01898,636563,9113459,5.46213,17.37764,11.51738,7
1,0,0,112.23872,-8.01902,636563,9113459,5.46213,16.80903,11.51362,7
1,0,0,112.23875,-8.01892,636563,9113459,5.46213,16.80903,11.50257,7
2,2,0,112.23823,-8.01924,636563,9113459,5.46213,17.37764,11.56618,7
1,0,0,112.2384,-8.01898,636563,9113459,5.46213,17.37764,11.53222,7
1,0,0,112.2383,-8.01897,636563,9113459,5.46213,17.37764,11.53737,7
1,0,0,112.23835,-8.01884,636563,9113459,5.46213,17.37764,11.52299,7
1,0,0,112.23822,-8.01893,636563,9113459,5.46213,17.37764,11.53995,7
1,0,0,112.23794,-8.01877,636313,9113459,5.46223,17.37764,11.54628,7
1,0,0,112.23805,-8.01885,636563,9113459,5.46213,17.37764,11.54525,7
1,0,0,112.23843,-8.01942,636563,9113459,5.46213,17.37764,11.56694,7
1,0,0,112.23753,-8.01902,636313,9113459,5.46223,17.37764,11.59584,7
1,0,0,112.23768,-8.01852,636313,9113459,5.46223,17.37764,11.5427,7
1,0,0,112.23719,-8.01884,636313,9113459,5.46223,17.37764,11.6041,7
1,0,0,112.23711,-8.01889,636313,9113459,5.46223,17.37764,11.61463,7
1,2,0,112.23727,-8.01863,636313,9113459,5.46223,17.37764,11.58112,7
1,1,0,112.23699,-8.019,636313,9113459,5.46223,17.37764,11.63292,7
1,0,0,112.2371,-8.01903,636313,9113459,5.46223,17.37764,11.62764,7
2,2,0,112.23693,-8.01909,636313,9113459,5.46223,17.37764,11.64387,7
1,0,0,112.23688,-8.01859,636313,9113459,5.46223,17.37764,11.60518,7
1,0,0,112.23697,-8.01854,636313,9113459,5.46223,17.37764,11.59447,7
1,2,0,112.23679,-8.01829,636313,9113459,5.46223,17.37764,11.58671,7
1,2,0,112.237,-8.01806,636313,9113459,5.46223,21.34154,11.55145,7
1,0,0,112.23669,-8.01847,636313,9113459,5.46223,17.37764,11.6088,7
1,0,0,112.23667,-8.01888,636313,9113459,5.46223,17.37764,11.64502,7
1,0,0,112.23674,-8.01891,636313,9113459,5.46223,17.37764,11.64208,7
1,2,0,112.23651,-8.01888,636313,9113459,5.46223,17.37764,11.65649,7
1,0,0,112.23643,-8.01889,636313,9113459,5.46223,17.37764,11.66285,7
1,2,0,112.23632,-8.01891,636313,9113459,5.46223,17.37764,11.67178,7
1,0,0,112.23624,-8.01869,636313,9113459,5.46223,17.37764,11.65929,7
1,0,0,112.23638,-8.01866,636313,9113459,5.46223,17.37764,11.6469,7
1,0,0,112.23609,-8.01871,636313,9113459,5.46223,17.37764,11.67102,7
1,0,0,112.23591,-8.01899,636313,9113459,5.46223,17.37764,11.70829,7
1,0,0,112.23569,-8.0187,636063,9113459,5.4619,17.37764,11.69934,7
1,0,0,112.23577,-8.01873,636313,9113459,5.46223,17.37764,11.69574,7
1,2,0,112.23517,-8.01871,636063,9113459,5.4619,17.37764,11.73681,7
1,1,0,112.23916,-8.01826,636563,9113459,5.46213,16.80903,11.41747,7
1,0,0,112.23945,-8.01836,636563,9113459,5.46213,16.80903,11.40568,7
1,0,0,112.23938,-8.0181,636563,9113459,5.46213,16.80903,11.3888,7
1,0,0,112.2393,-8.01808,636563,9113459,5.46213,16.80903,11.39158,7
1,0,0,112.23904,-8.01798,636563,9113459,5.46213,19.40629,11.40202,7
1,0,0,112.23909,-8.01802,636563,9113459,5.46213,19.40629,11.40172,7
1,0,0,112.23955,-8.01828,636563,9113459,5.46213,16.80903,11.39252,7
1,0,0,112.23953,-8.01819,636563,9113459,5.46213,16.80903,11.38569,7
1,0,0,112.23965,-8.01824,636563,9113459,5.46213,16.80903,11.3811,7
1,0,0,112.23977,-8.01827,636563,9113459,5.46213,16.80903,11.37594,7
1,0,0,112.23977,-8.01827,636563,9113459,5.46213,16.80903,11.37594,7
1,0,0,112.23984,-8.0183,636563,9113459,5.46213,16.80903,11.37348,7
1,0,0,112.23981,-8.01818,636563,9113459,5.46213,16.80903,11.36551,7
1,0,0,112.23977,-8.01807,636563,9113459,5.46213,16.80903,11.35864,7
1,0,0,112.23959,-8.01807,636563,9113459,5.46213,16.80903,11.37078,7
1,0,0,112.23964,-8.01796,636563,9113459,5.46213,19.40629,11.35877,7
1,0,0,112.23998,-8.01801,636563,9113459,5.46213,19.40629,11.33869,7
1,0,0,112.23996,-8.01792,636563,9113459,5.46213,19.40629,11.3329,7
1,0,0,112.23998,-8.01784,636563,9113459,5.46213,19.40629,11.32451,7
1,0,0,112.24001,-8.01777,636563,9113459,5.46213,19.40629,11.31665,7
1,0,0,112.23979,-8.01787,636563,9113459,5.46213,19.40629,11.34016,7
1,0,0,112.23969,-8.01788,636563,9113459,5.46213,19.40629,11.34732,7
1,0,0,112.23973,-8.01775,636563,9113459,5.46213,19.40629,11.3338,7
1,0,0,112.23981,-8.01762,636563,9113459,5.46213,19.40629,11.31727,7
1,0,0,112.23945,-8.01776,636563,9113459,5.46213,19.40629,11.35404,7
1,0,0,112.23946,-8.01764,636563,9113459,5.46213,19.40629,11.34347,7
1,0,0,112.23939,-8.01766,636563,9113459,5.46213,19.40629,11.34945,7
1,0,0,112.23952,-8.01753,636563,9113459,5.46213,19.40629,11.32967,7
1,0,0,112.23943,-8.01749,636563,9113459,5.46213,19.40629,11.33225,7
1,0,0,112.23949,-8.01741,636563,9113459,5.46213,19.40629,11.32129,7
1,0,0,112.23959,-8.01746,636563,9113459,5.46213,19.40629,11.31905,7
1,0,0,112.2399,-8.01742,636563,9113459,5.46213,19.40629,11.29425,7
1,0,0,112.24001,-8.01724,636563,9113709,6.07532,19.40629,11.27057,7
1,0,0,112.23967,-8.01727,636563,9113709,6.07532,19.40629,11.29629,7
1,0,0,112.23941,-8.01734,636563,9113459,5.46213,19.40629,11.32078,7
1,0,0,112.23945,-8.01722,636563,9113709,6.07532,19.40629,11.30757,7
1,0,0,112.23939,-8.01718,636563,9113709,6.07532,19.40629,11.30872,7
1,0,0,112.23968,-8.01982,636563,9113209,4.90484,16.80903,11.51662,7
1,0,0,112.23745,-8.01909,636313,9113459,5.46223,17.37764,11.60749,7
5,0,1,112.23757,-8.01865,636313,9113459,5.46223,17.37764,11.56183,7
1,1,0,112.23678,-8.01862,636313,9113459,5.46223,17.37764,11.61448,7
1,0,0,112.23663,-8.01863,636313,9113459,5.46223,17.37764,11.62582,7
1,2,0,112.23561,-8.01891,636063,9113459,5.4619,17.37764,11.72291,7
5,0,1,112.23535,-8.01869,636063,9113459,5.4619,17.37764,11.72232,7
1,0,0,112.23544,-8.0187,636063,9113459,5.4619,17.37764,11.7166,7
1,0,0,112.23553,-8.01871,636063,9113459,5.4619,17.37764,11.71175,7
1,0,0,112.23961,-8.01977,636563,9113209,4.90484,16.80903,11.51628,7
1,2,0,112.23957,-8.01984,636563,9113209,4.90484,16.80903,11.52497,7
1,0,0,112.23591,-8.01871,636313,9113459,5.46223,17.37764,11.68482,7
1,0,0,112.23577,-8.01895,636063,9113459,5.4619,17.37764,11.71501,7
1,0,0,112.34742,-7.88522,648563,9128209,96.4966,107.606,7.5285,4
1,2,0,112.34751,-7.88507,648563,9128209,96.4966,107.606,7.54861,4
1,2,0,112.34742,-7.88471,648563,9128209,96.4966,107.606,7.57257,4
1,2,0,112.34828,-7.88355,648563,9128459,94.8129,107.606,7.73238,4
1,0,0,112.34885,-7.8827,648813,9128459,90.5973,107.606,7.84517,4
6,0,1,112.34724,-7.88528,648563,9128209,96.4966,107.606,7.51133,4
6,0,1,112.34807,-7.88449,648563,9128209,96.4966,107.606,7.63659,4
6,2,1,112.34732,-7.8843,648563,9128209,96.4966,107.606,7.60149,4
4,0,1,112.34836,-7.88382,648563,9128209,96.4966,107.606,7.71433,4
6,0,1,112.34811,-7.88376,648563,9128209,96.4966,107.606,7.70254,4
5,0,1,112.3478,-7.88366,648563,9128209,96.4966,107.606,7.69044,4
6,0,1,112.34768,-7.88325,648563,9128459,94.8129,107.606,7.71769,4
6,0,1,112.34942,-7.88427,648813,9128209,92.1379,107.606,7.75066,4
6,0,1,112.34914,-7.88434,648813,9128209,92.1379,107.606,7.72423,4
6,0,1,112.34875,-7.88444,648813,9128209,92.1379,107.606,7.68855,4
6,0,1,112.34921,-7.88326,648813,9128459,90.5973,107.606,7.82163,4
6,0,1,112.34832,-7.88308,648563,9128459,94.8129,107.606,7.77562,4
6,0,1,112.34817,-7.88257,648563,9128459,94.8129,107.606,7.81005,4
4,1,1,112.34881,-7.88248,648813,9128459,90.5973,107.606,7.86141,4
0,0,2,112.34714,-7.88585,648563,9127959,98.046,107.606,7.45537,4
0,0,2,112.34722,-7.88568,648563,9128209,96.4966,107.606,7.47614,4
0,0,2,112.34721,-7.88559,648563,9128209,96.4966,107.606,7.48307,4
0,0,2,112.34734,-7.8855,648563,9128209,96.4966,107.606,7.49904,4
0,0,2,112.34735,-7.88539,648563,9128209,96.4966,107.606,7.50976,4
0,0,2,112.34713,-7.88543,648563,9128209,96.4966,107.606,7.49116,4
2,0,2,112.34713,-7.8852,648563,9128209,96.4966,107.606,7.51083,4
0,0,2,112.34706,-7.88519,648563,9128209,96.4966,111.30548,7.5068,4
0,0,2,112.34681,-7.88528,648563,9128209,96.4966,111.30548,7.48188,4
0,0,2,112.34671,-7.88525,648563,9128209,96.4966,111.30548,7.47756,4
0,0,2,112.34685,-7.8852,648563,9128209,96.4966,111.30548,7.49174,4
0,0,2,112.347,-7.88513,648563,9128209,96.4966,111.30548,7.50829,4
0,0,2,112.34684,-7.88508,648563,9128209,96.4966,111.30548,7.50116,4
0,0,2,112.34676,-7.88505,648563,9128209,96.4966,111.30548,7.49821,4
0,1,2,112.34688,-7.88642,648563,9127959,98.046,111.30548,7.38881,4
0,0,2,112.34698,-7.8863,648563,9127959,98.046,111.30548,7.40581,4
0,1,2,112.34762,-7.88559,648563,9128209,96.4966,107.606,7.51189,4
0,0,2,112.34753,-7.88556,648563,9128209,96.4966,107.606,7.50817,4
0,0,2,112.34751,-7.88563,648563,9128209,96.4966,107.606,7.50034,4
0,0,2,112.34758,-7.88547,648563,9128209,96.4966,107.606,7.51889,4
0,0,2,112.34725,-7.88509,648563,9128209,96.4966,107.606,7.52859,4
0,0,2,112.34719,-7.88506,648563,9128209,96.4966,107.606,7.52685,4
0,0,2,112.34691,-7.88492,648563,9128209,96.4966,111.30548,7.51975,4
0,0,2,112.34761,-7.88534,648563,9128209,96.4966,107.606,7.53247,4
0,0,2,112.34765,-7.88525,648563,9128209,96.4966,107.606,7.54284,4
0,0,2,112.34771,-7.88519,648563,9128209,96.4966,107.606,7.55129,4
0,0,2,112.34771,-7.8851,648563,9128209,96.4966,107.606,7.55945,4
0,0,2,112.34774,-7.88501,648563,9128209,96.4966,107.606,7.56914,4
0,0,2,112.34753,-7.88496,648563,9128209,96.4966,107.606,7.55908,4
0,0,2,112.34779,-7.88494,648563,9128209,96.4966,107.606,7.57882,4
0,0,2,112.3478,-7.88487,648563,9128209,96.4966,107.606,7.58582,4
0,0,2,112.34751,-7.88485,648563,9128209,96.4966,107.606,7.56739,4
0,2,2,112.34756,-7.88478,648563,9128209,96.4966,107.606,7.57646,4
2,2,2,112.34761,-7.88469,648563,9128209,96.4966,107.606,7.5876,4
2,2,2,112.3478,-7.88464,648563,9128209,96.4966,107.606,7.60484,4
2,0,2,112.34789,-7.88466,648563,9128209,96.4966,107.606,7.60939,4
0,0,2,112.34764,-7.88455,648563,9128209,96.4966,107.606,7.60201,4
0,0,2,112.34766,-7.88442,648563,9128209,96.4966,107.606,7.61469,4
0,0,2,112.34754,-7.8844,648563,9128209,96.4966,107.606,7.60812,4
0,0,2,112.34742,-7.88437,648563,9128209,96.4966,107.606,7.60221,4
0,0,2,112.34787,-7.88445,648563,9128209,96.4966,107.606,7.62636,4
0,0,2,112.3479,-7.88435,648563,9128209,96.4966,107.606,7.6368,4
0,0,2,112.3477,-7.88436,648563,9128209,96.4966,107.606,7.62277,4
2,2,2,112.34812,-7.88449,648563,9128209,96.4966,107.606,7.6407,4
0,0,2,112.34772,-7.88426,648563,9128209,96.4966,107.606,7.63241,4
0,0,2,112.34761,-7.8842,648563,9128209,96.4966,107.606,7.63041,4
0,0,2,112.34755,-7.88416,648563,9128209,96.4966,107.606,7.62935,4
0,0,2,112.34744,-7.88413,648563,9128209,96.4966,107.606,7.62473,4
0,0,2,112.34773,-7.88408,648563,9128209,96.4966,107.606,7.64925,4
0,0,2,112.34761,-7.88403,648563,9128209,96.4966,107.606,7.64514,4
0,0,2,112.34735,-7.88386,648563,9128209,96.4966,107.606,7.6419,4
0,0,2,112.34781,-7.88394,648563,9128209,96.4966,107.606,7.66655,4
0,0,2,112.34798,-7.88402,648563,9128209,96.4966,107.606,7.67115,4
0,0,2,112.34814,-7.88409,648563,9128209,96.4966,107.606,7.67637,4
0,0,2,112.34808,-7.88423,648563,9128209,96.4966,107.606,7.66012,4
0,0,2,112.3483,-7.88413,648563,9128209,96.4966,107.606,7.68381,4
0,0,2,112.34817,-7.88399,648563,9128209,96.4966,107.606,7.68722,4
0,0,2,112.34834,-7.88399,648563,9128209,96.4966,107.606,7.6992,4
0,0,2,112.34803,-7.88393,648563,9128209,96.4966,107.606,7.68279,4
0,0,2,112.34811,-7.88386,648563,9128209,96.4966,107.606,7.69462,4
0,0,2,112.34826,-7.8838,648563,9128209,96.4966,107.606,7.70949,4
0,0,2,112.3477,-7.88364,648563,9128209,96.4966,107.606,7.68447,4
0,0,2,112.3476,-7.88371,648563,9128209,96.4966,107.606,7.67205,4
0,0,2,112.34752,-7.88361,648563,9128209,96.4966,107.606,7.67498,4
2,2,2,112.34732,-7.8836,648563,9128209,96.4966,107.606,7.66222,4
0,0,2,112.34744,-7.88354,648563,9128459,94.8129,107.606,7.67557,4
0,0,2,112.34726,-7.88352,648563,9128459,94.8129,107.606,7.66548,4
2,0,2,112.34713,-7.88361,648563,9128209,96.4966,107.606,7.64835,4
0,0,2,112.34713,-7.88348,648563,9128459,94.8129,107.606,7.6603,4
0,0,2,112.34705,-7.88343,648563,9128459,94.8129,111.30548,7.65957,4
2,2,2,112.3469,-7.88375,648563,9128209,96.4966,111.30548,7.6213,4
0,0,2,112.3472,-7.88368,648563,9128209,96.4966,107.606,7.64784,4
0,0,2,112.34692,-7.88365,648563,9128209,96.4966,111.30548,7.63065,4
0,0,2,112.34703,-7.88375,648563,9128209,96.4966,111.30548,7.62929,4
0,0,2,112.34668,-7.88369,648563,9128209,96.4966,111.30548,7.61096,4
0,0,2,112.34658,-7.88337,648563,9128459,94.8129,111.30548,7.63291,4
0,0,2,112.34685,-7.88338,648563,9128459,94.8129,111.30548,7.64936,4
0,0,2,112.34629,-7.88328,648313,9128459,99.0467,111.30548,7.62086,4
0,0,2,112.34699,-7.8832,648563,9128459,94.8129,111.30548,7.67523,4
0,0,2,112.34692,-7.88318,648563,9128459,94.8129,111.30548,7.67267,4
0,0,2,112.34728,-7.88326,648563,9128459,94.8129,107.606,7.68962,4
0,0,2,112.3472,-7.88325,648563,9128459,94.8129,107.606,7.68496,4
0,0,2,112.34712,-7.88323,648563,9128459,94.8129,107.606,7.68137,4
0,0,2,112.34755,-7.88313,648563,9128459,94.8129,107.606,7.71912,4
0,0,2,112.34772,-7.88316,648563,9128459,94.8129,107.606,7.72822,4
0,0,2,112.34786,-7.88346,648563,9128459,94.8129,107.606,7.71165,4
0,0,2,112.34774,-7.88342,648563,9128459,94.8129,107.606,7.70651,4
0,0,2,112.34756,-7.88339,648563,9128459,94.8129,107.606,7.69685,4
0,0,2,112.3492,-7.88419,648813,9128209,92.1379,107.606,7.74131,4
0,0,2,112.34933,-7.88415,648813,9128209,92.1379,107.606,7.75374,4
0,1,2,112.34905,-7.88423,648813,9128209,92.1379,107.606,7.72777,4
0,0,2,112.34886,-7.88433,648813,9128209,92.1379,107.606,7.70577,4
0,0,2,112.34867,-7.88424,648563,9128209,96.4966,107.606,7.70079,4
0,0,2,112.34877,-7.88411,648813,9128209,92.1379,107.606,7.71816,4
0,0,2,112.34881,-7.88396,648813,9128209,92.1379,107.606,7.73384,4
0,2,2,112.34888,-7.88395,648813,9128209,92.1379,107.606,7.74002,4
0,0,2,112.34873,-7.88393,648563,9128209,96.4966,107.606,7.73134,4
2,2,2,112.34864,-7.88405,648563,9128209,96.4966,107.606,7.71396,4
0,0,2,112.34783,-7.8838,648563,9128209,96.4966,107.606,7.68005,4
2,0,2,112.34879,-7.88375,648813,9128209,92.1379,107.606,7.75063,4
0,0,2,112.34874,-7.8836,648813,9128209,92.1379,107.606,7.75963,4
0,0,2,112.34925,-7.88386,648813,9128209,92.1379,107.606,7.77275,4
0,0,2,112.34907,-7.88381,648813,9128209,92.1379,107.606,7.76521,4
0,0,2,112.34926,-7.88375,648813,9128209,92.1379,107.606,7.78331,4
0,0,2,112.3493,-7.88366,648813,9128209,92.1379,107.606,7.79417,4
0,0,2,112.34851,-7.88364,648563,9128209,96.4966,107.606,7.74083,4
0,0,2,112.3484,-7.88361,648563,9128209,96.4966,107.606,7.73522,4
0,0,2,112.34835,-7.88346,648563,9128459,94.8129,107.606,7.74484,4
0,0,2,112.34819,-7.88354,648563,9128459,94.8129,107.606,7.72683,4
0,0,2,112.34809,-7.88351,648563,9128459,94.8129,107.606,7.7228,4
0,0,2,112.3486,-7.88346,648563,9128459,94.8129,107.606,7.76279,4
0,0,2,112.34877,-7.88353,648563,9128459,94.8129,107.606,7.76818,4
0,0,2,112.34888,-7.8834,648813,9128459,90.5973,107.606,7.78727,4
0,0,2,112.34931,-7.88355,648813,9128209,92.1379,107.606,7.80422,4
0,0,2,112.34934,-7.88348,648813,9128459,90.5973,107.606,7.812,4
0,0,2,112.34929,-7.88317,648813,9128459,90.5973,107.606,7.83439,4
0,0,2,112.34927,-7.88307,648813,9128459,90.5973,107.606,7.8426,4
2,0,2,112.34929,-7.88299,648813,9128459,90.5973,107.606,7.85074,4
0,0,2,112.34918,-7.883,648813,9128459,90.5973,107.606,7.84282,4
2,0,2,112.34939,-7.88293,648813,9128459,90.5973,107.606,7.86269,4
0,2,2,112.34929,-7.88286,648813,9128459,90.5973,107.606,7.86166,4
0,0,2,112.34891,-7.88322,648813,9128459,90.5973,107.606,7.80469,4
0,0,2,112.3482,-7.8833,648563,9128459,94.8129,107.606,7.74878,4
2,2,2,112.34854,-7.88328,648563,9128459,94.8129,107.606,7.77321,4
0,0,2,112.34862,-7.88329,648563,9128459,94.8129,107.606,7.7785,4
0,0,2,112.34871,-7.88317,648563,9128459,94.8129,107.606,7.79485,4
0,0,2,112.34873,-7.88311,648563,9128459,94.8129,107.606,7.80177,4
0,0,2,112.34801,-7.88319,648563,9128459,94.8129,107.606,7.74512,4
0,0,2,112.34804,-7.883,648563,9128459,94.8129,107.606,7.76379,4
0,0,2,112.34792,-7.88282,648563,9128459,94.8129,107.606,7.77101,4
0,0,2,112.34808,-7.88286,648563,9128459,94.8129,107.606,7.77871,4
0,0,2,112.34755,-7.88301,648563,9128459,94.8129,107.606,7.72932,4
0,0,2,112.34759,-7.88281,648563,9128459,94.8129,107.606,7.74923,4
0,2,2,112.34751,-7.8828,648563,9128459,94.8129,107.606,7.74522,4
0,0,2,112.34844,-7.88311,648563,9128459,94.8129,107.606,7.78129,4
0,0,2,112.34834,-7.88295,648563,9128459,94.8129,107.606,7.78878,4
0,0,2,112.34873,-7.88294,648563,9128459,94.8129,107.606,7.81546,4
0,0,2,112.34864,-7.88293,648563,9128459,94.8129,107.606,7.81102,4
0,0,2,112.349,-7.88298,648813,9128459,90.5973,107.606,7.83089,4
2,2,2,112.34807,-7.88271,648563,9128459,94.8129,107.606,7.79094,4
0,0,2,112.34911,-7.88275,648813,9128459,90.5973,107.606,7.85907,4
0,0,2,112.3488,-7.88277,648813,9128459,90.5973,107.606,7.83639,4
0,0,2,112.34877,-7.88283,648563,9128459,94.8129,107.606,7.82865,4
0,0,2,112.34858,-7.88268,648563,9128459,94.8129,107.606,7.82824,4
0,0,2,112.34815,-7.88249,648563,9128459,94.8129,107.606,7.81554,4
2,0,2,112.34849,-7.88248,648563,9128459,94.8129,107.606,7.83969,4
0,0,2,112.34889,-7.88264,648813,9128459,90.5973,107.606,7.85333,4
0,0,2,112.34875,-7.88258,648563,9128459,94.8129,107.606,7.84829,4
0,0,2,112.34839,-7.88268,648563,9128459,94.8129,107.606,7.81566,4
0,0,2,112.34843,-7.88261,648563,9128459,94.8129,107.606,7.82465,4
0,0,2,112.34896,-7.88256,648813,9128459,90.5973,107.606,7.86523,4
0,0,2,112.34899,-7.88247,648813,9128459,90.5973,107.606,7.87512,4
0,0,2,112.34919,-7.88257,648813,9128459,90.5973,107.606,7.87975,4
0,0,2,112.34921,-7.8825,648813,9128459,90.5973,107.606,7.88767,4
0,0,2,112.34924,-7.88244,648813,9128459,90.5973,107.606,7.89429,4
0,0,2,112.34927,-7.88234,648813,9128459,90.5973,107.606,7.90563,4
0,0,2,112.34903,-7.88232,648813,9128459,90.5973,107.606,7.89011,4
0,0,2,112.34821,-7.88233,648563,9128459,94.8129,107.606,7.8336,4
3,2,3,112.34689,-7.88533,648563,9128209,96.4966,111.30548,7.48246,4
3,2,3,112.348,-7.8843,648563,9128209,96.4966,107.606,7.64815,4
3,0,3,112.34908,-7.88409,648813,9128209,92.1379,107.606,7.74207,4
3,0,3,112.34895,-7.8831,648813,9128459,90.5973,107.606,7.81784,4
3,2,3,112.34995,-7.88241,648813,9128459,90.5973,107.606,7.94673,4
3,2,3,112.34805,-7.88236,648563,9128459,94.8129,107.606,7.82044,4
1,0,0,112.35183,-7.88631,649063,9127959,89.0977,104.29058,7.75456,4
1,0,0,112.3519,-7.88441,649063,9128209,87.8215,104.29058,7.91595,4
1,0,0,112.35239,-7.88446,649063,9128209,87.8215,104.29058,7.94842,4
1,0,0,112.35244,-7.88436,649063,9128209,87.8215,104.29058,7.96039,4
1,2,0,112.35247,-7.88426,649063,9128209,87.8215,104.29058,7.97038,4
1,0,0,112.35214,-7.88393,649063,9128209,87.8215,104.29058,7.97357,4
1,0,0,112.35197,-7.88385,649063,9128209,87.8215,104.29058,7.96795,4
1,0,0,112.352,-7.88378,649063,9128209,87.8215,104.29058,7.97607,4
1,0,0,112.35266,-7.8838,649063,9128209,87.8215,104.29058,8.02272,4
1,0,0,112.35265,-7.88372,649063,9128209,87.8215,104.29058,8.02822,4
1,2,0,112.35225,-7.88367,649063,9128209,87.8215,104.29058,8.00284,4
1,0,0,112.35211,-7.88347,649063,9128459,86.4194,104.29058,8.01015,4
1,0,0,112.35218,-7.88351,649063,9128459,86.4194,104.29058,8.01177,4
1,0,0,112.35181,-7.8834,649063,9128459,86.4194,104.29058,7.99394,4
1,0,0,112.35252,-7.88341,649063,9128459,86.4194,104.29058,8.0446,4
1,0,0,112.35264,-7.88339,649063,9128459,86.4194,104.29058,8.05541,4
1,0,0,112.35236,-7.88331,649063,9128459,86.4194,104.29058,8.0415,4
1,0,0,112.35204,-7.88297,649063,9128459,86.4194,104.29058,8.04689,4
1,0,0,112.35267,-7.88328,649063,9128459,86.4194,104.29058,8.06679,4
1,0,0,112.35273,-7.88302,649063,9128459,86.4194,104.29058,8.09199,4
1,0,0,112.35273,-7.88313,649063,9128459,86.4194,104.29058,8.0832,4
1,0,0,112.35256,-7.88309,649063,9128459,86.4194,104.29058,8.07369,4
1,0,0,112.35233,-7.88296,649063,9128459,86.4194,104.29058,8.06843,4
1,0,0,112.35273,-7.88265,649063,9128459,86.4194,104.29058,8.123,4
1,0,0,112.35273,-7.88258,649063,9128459,86.4194,104.29058,8.12863,4
1,0,0,112.35266,-7.88234,649063,9128459,86.4194,104.29058,8.14359,4
4,0,1,112.35159,-7.88632,649063,9127959,89.0977,107.606,7.73568,4
4,0,1,112.35201,-7.88589,649063,9127959,89.0977,104.29058,7.80231,4
4,0,1,112.35206,-7.88577,649063,9128209,87.8215,104.29058,7.81602,4
5,0,1,112.35203,-7.88584,649063,9127959,89.0977,104.29058,7.80791,4
4,0,1,112.35219,-7.88552,649063,9128209,87.8215,104.29058,7.84615,4
4,0,1,112.35173,-7.88554,649063,9128209,87.8215,104.29058,7.81087,4
6,0,1,112.35194,-7.88558,649063,9128209,87.8215,104.29058,7.82256,4
5,0,1,112.3518,-7.88543,649063,9128209,87.8215,104.29058,7.82486,4
5,0,1,112.3522,-7.88542,649063,9128209,87.8215,104.29058,7.85469,4
6,0,1,112.35155,-7.88526,649063,9128209,87.8215,107.606,7.81993,4
4,0,1,112.35162,-7.88515,649063,9128209,87.8215,104.29058,7.83408,4
5,2,1,112.35175,-7.88512,649063,9128209,87.8215,104.29058,7.84676,4
5,0,1,112.35201,-7.88517,649063,9128209,87.8215,104.29058,7.86125,4
5,0,1,112.3519,-7.88489,649063,9128209,87.8215,104.29058,7.87677,4
5,0,1,112.35224,-7.88498,649063,9128209,87.8215,104.29058,7.89432,4
4,0,1,112.35226,-7.8849,649063,9128209,87.8215,104.29058,7.90205,4
5,0,1,112.35228,-7.88485,649063,9128209,87.8215,104.29058,7.908,4
5,0,1,112.35206,-7.88481,649063,9128209,87.8215,104.29058,7.89538,4
5,0,1,112.35209,-7.88467,649063,9128209,87.8215,104.29058,7.90925,4
4,0,1,112.35238,-7.88466,649063,9128209,87.8215,104.29058,7.93115,4
5,0,1,112.35216,-7.88447,649063,9128209,87.8215,104.29058,7.93034,4
4,0,1,112.35237,-7.88454,649063,9128209,87.8215,104.29058,7.93968,4
5,0,1,112.35222,-7.88428,649063,9128209,87.8215,104.29058,7.9502,4
4,0,1,112.352,-7.88412,649063,9128209,87.8215,104.29058,7.94778,4
5,0,1,112.35191,-7.8842,649063,9128209,87.8215,104.29058,7.93505,4
6,0,1,112.35249,-7.88406,649063,9128209,87.8215,104.29058,7.98893,4
4,0,1,112.35262,-7.88407,649063,9128209,87.8215,104.29058,7.99753,4
4,0,1,112.35253,-7.88393,649063,9128209,87.8215,104.29058,8.00162,4
5,0,1,112.3519,-7.88346,649063,9128459,86.4194,104.29058,7.9951,4
5,0,1,112.35224,-7.88351,649063,9128459,86.4194,104.29058,8.0164,4
6,2,1,112.35279,-7.88344,649063,9128459,86.4194,104.29058,8.06177,4
5,0,1,112.35272,-7.88338,649063,9128459,86.4194,104.29058,8.06127,4
5,2,1,112.35253,-7.88332,649063,9128459,86.4194,104.29058,8.0523,4
5,0,1,112.35234,-7.88338,649063,9128459,86.4194,104.29058,8.03445,4
6,0,1,112.3522,-7.88331,649063,9128459,86.4194,104.29058,8.02992,4
4,0,1,112.35204,-7.88311,649063,9128459,86.4194,104.29058,8.03444,4
5,0,1,112.35281,-7.88307,649063,9128459,86.4194,104.29058,8.09413,4
5,0,1,112.35263,-7.88312,649063,9128459,86.4194,104.29058,8.07642,4
4,0,1,112.35222,-7.88299,649063,9128459,86.4194,104.29058,8.05779,4
4,0,1,112.35233,-7.88307,649063,9128459,86.4194,104.29058,8.05918,4
5,0,1,112.35263,-7.88275,649063,9128459,86.4194,104.29058,8.10773,4
4,0,1,112.35277,-7.88274,649063,9128459,86.4194,104.29058,8.11866,4
2,2,2,112.35163,-7.88621,649063,9127959,89.0977,104.29058,7.74771,4
2,2,2,112.35189,-7.88633,649063,9127959,89.0977,104.29058,7.75741,4
0,0,2,112.3519,-7.88612,649063,9127959,89.0977,104.29058,7.77566,4
0,0,2,112.35171,-7.88612,649063,9127959,89.0977,104.29058,7.76094,4
2,2,2,112.35175,-7.88606,649063,9127959,89.0977,104.29058,7.76945,4
2,0,2,112.35161,-7.88589,649063,9127959,89.0977,104.29058,7.77294,4
0,2,2,112.35175,-7.88592,649063,9127959,89.0977,104.29058,7.78121,4
0,0,2,112.35198,-7.88548,649063,9128209,87.8215,104.29058,7.83403,4
2,2,2,112.35203,-7.88511,649063,9128209,87.8215,104.29058,7.86826,4
0,0,2,112.35204,-7.88506,649063,9128209,87.8215,104.29058,7.87346,4
0,0,2,112.35223,-7.88514,649063,9128209,87.8215,104.29058,7.88012,4
2,2,2,112.35207,-7.88497,649063,9128209,87.8215,104.29058,7.88211,4
0,2,2,112.35183,-7.88489,649063,9128209,87.8215,104.29058,7.87222,4
0,0,2,112.35178,-7.88487,649063,9128209,87.8215,104.29058,7.86946,4
2,2,2,112.35172,-7.88484,649063,9128209,87.8215,104.29058,7.86762,4
2,2,2,112.35192,-7.88466,649063,9128209,87.8215,104.29058,7.89713,4
0,0,2,112.35194,-7.8846,649063,9128209,87.8215,104.29058,7.90361,4
2,0,2,112.35207,-7.88459,649063,9128209,87.8215,104.29058,7.91423,4
0,0,2,112.35184,-7.88447,649063,9128209,87.8215,104.29058,7.90702,4
0,0,2,112.35233,-7.88401,649063,9128209,87.8215,104.29058,7.98104,4
0,0,2,112.35219,-7.8838,649063,9128209,87.8215,104.29058,7.988,4
2,0,2,112.35259,-7.88385,649063,9128209,87.8215,104.29058,8.01332,4
2,0,2,112.35254,-7.88382,649063,9128209,87.8215,104.29058,8.01216,4
0,0,2,112.35264,-7.88386,649063,9128209,87.8215,104.29058,8.01626,4
2,0,2,112.35272,-7.88379,649063,9128209,87.8215,104.29058,8.02769,4
0,2,2,112.35265,-7.88365,649063,9128209,87.8215,104.29058,8.03425,4
0,0,2,112.35273,-7.88368,649063,9128209,87.8215,104.29058,8.03801,4
0,0,2,112.35205,-7.88365,649063,9128209,87.8215,104.29058,7.99084,4
0,0,2,112.35196,-7.88363,649063,9128209,87.8215,104.29058,7.98584,4
0,2,2,112.35263,-7.88345,649063,9128459,86.4194,104.29058,8.04938,4
2,0,2,112.35201,-7.88332,649063,9128459,86.4194,104.29058,8.01532,4
0,0,2,112.35193,-7.88325,649063,9128459,86.4194,104.29058,8.01525,4
2,2,2,112.35203,-7.88323,649063,9128459,86.4194,104.29058,8.02398,4
2,0,2,112.35192,-7.88295,649063,9128459,86.4194,104.29058,8.04009,4
2,0,2,112.35239,-7.8832,649063,9128459,86.4194,104.29058,8.05283,4
2,0,2,112.35228,-7.88315,649063,9128459,86.4194,104.29058,8.04837,4
0,0,2,112.35252,-7.88324,649063,9128459,86.4194,104.29058,8.05872,4
0,0,2,112.35283,-7.88319,649063,9128459,86.4194,104.29058,8.08484,4
2,2,2,112.35258,-7.883,649063,9128459,86.4194,104.29058,8.08321,4
2,0,2,112.35238,-7.88298,649063,9128459,86.4194,104.29058,8.0706,4
0,0,2,112.35236,-7.88275,649063,9128459,86.4194,104.29058,8.08824,4
2,0,2,112.35262,-7.88264,649063,9128459,86.4194,104.29058,8.1163,4
2,2,2,112.35262,-7.88257,649063,9128459,86.4194,104.29058,8.12241,4
2,0,2,112.35269,-7.88252,649063,9128459,86.4194,104.29058,8.13107,4
3,0,3,112.35179,-7.88628,649063,9127959,89.0977,104.29058,7.75392,4
3,2,3,112.35266,-7.88358,649063,9128459,86.4194,104.29058,8.04102,4
3,0,3,112.35198,-7.88355,649063,9128459,86.4194,104.29058,7.99368,4